model,year,match_id,date,stage,group,team_a,team_b,score_a,score_b,score_status,actual_result,pred_p_a,pred_p_d,pred_p_b,pred_result,lambda_a,lambda_b,pred_score_a,pred_score_b,pred_score,pred_score_probability,observed_score_probability,odds_aggregate_method,n_bookmakers,rating_p_a,rating_p_d,rating_p_b,hybrid_p_a,hybrid_p_d,hybrid_p_b,adjusted_score_p_a,adjusted_score_p_d,adjusted_score_p_b,model_elo_diff,total_goals_prior,market_weight,dixon_coles_rho,tail_strength,negative_binomial_size,favorite_side,poisson_fit_sse
poisson_hybrid_v2_total_dc_tail,2022,WC2022_001,2022-11-20,Group A,Group A,Qatar,Ecuador,0,2,final,B,0.2867203999419791,0.27886874899420694,0.4344108510638139,B,1.0046167546099927,1.3053627393024765,1,1,1-1,0.1431900916669176,0.08457092510949313,football_data_market_average,1,0.30546724780159523,0.28837189648730815,0.4061608557110967,0.27280983115908825,0.3027096584469482,0.42448051039396356,0.2737031188813501,0.3049033111154647,0.4213935700031852,-50.48192647530868,2.4875285103113485,0.81,-0.1,0,NA,B,0.0013190083293727834
poisson_hybrid_v2_total_dc_tail,2022,WC2022_002,2022-11-21,Group A,Group A,Senegal,Netherlands,0,2,final,B,0.17669860004059218,0.23529693198116003,0.5880044679782478,B,0.8258651409030884,1.7276317739182077,0,1,0-1,0.12776443636031748,0.11611886109100325,football_data_market_average,1,0.15346356122439392,0.2368263628371795,0.6097100759384266,0.16071512361250062,0.25701043175785604,0.5822744446296433,0.17003756119950159,0.24861900966334113,0.5813434291371573,-171.03519571300194,2.703151051125235,0.81,-0.06,0,NA,B,0.0010356347868918376
poisson_hybrid_v2_total_dc_tail,2022,WC2022_007,2022-11-21,Group B,Group B,England,Iran,6,2,final,A,0.6626791793848296,0.2146798126569336,0.12264100795823689,A,1.8478330767019118,0.6432722063567048,1,0,1-0,0.14319026430581677,9.473931982474996e-4,football_data_market_average,1,0.5114813040073298,0.27616351879030826,0.21235517720236197,0.6614262660278508,0.22199198984758128,0.11658174412456784,0.6528348920142617,0.23436838739806906,0.11279672058766921,77.7083966701573,2.534671106475739,0.81,-0.1,0,NA,A,1.1834073990631299e-4
poisson_hybrid_v2_total_dc_tail,2022,WC2022_008,2022-11-21,Group B,Group B,USA,Wales,1,1,final,D,0.42558900994857113,0.27731901034611,0.2970919797053189,A,1.3043901248018215,1.0412713672980456,1,1,1-1,0.14310548241942278,0.14310548241942278,football_data_market_average,1,0.515829466554137,0.27501306453167224,0.20915746891419082,0.41464978927717744,0.302884574520137,0.28246563620268555,0.41257942063771463,0.30333818896782316,0.28408239039446226,80.311726070757,2.539225300648873,0.81,-0.1,0,NA,A,0.0015101784856279175
poisson_hybrid_v2_total_dc_tail,2022,WC2022_013,2022-11-22,Group C,Group C,Argentina,Saudi Arabia,1,2,final,B,0.8398498536681572,0.11719265297477052,0.04295749335707223,A,2.6513591334626536,0.45257850810701233,2,0,2-0,0.13657927603077744,0.013455239666380113,football_data_market_average,1,0.7641741553285566,0.19124068832597893,0.0445851563454645,0.8400091820540986,0.12127470244727265,0.03871611549862872,0.7859497598947236,0.15413350641039456,0.05991673369488187,293.8275425698182,3.1220029354513215,0.81,-0.02,0.3,5,A,3.7691263219058714e-5
poisson_hybrid_v2_total_dc_tail,2022,WC2022_014,2022-11-22,Group C,Group C,Mexico,Poland,0,0,final,D,0.39995838488154917,0.2843388781154182,0.3157027370030327,A,1.2215897584482514,1.0516583632925653,1,1,1-1,0.14552366812089967,0.1162065784009277,football_data_market_average,1,0.41171713860830483,0.30198926940706866,0.28629359198462645,0.38991990515251435,0.3065311367788748,0.30354895806861076,0.38672896050692196,0.31079772686467283,0.30247331262840527,20.90919216096313,2.437316233213115,0.81,-0.1,0,NA,A,0.001148800433808871
poisson_hybrid_v2_total_dc_tail,2022,WC2022_019,2022-11-22,Group D,Group D,Denmark,Tunisia,0,0,final,D,0.6044473764544784,0.23309784197265007,0.16245478157287147,A,1.7348940513599205,0.7687383095572781,1,0,1-0,0.1353477507282429,0.08833206981965895,football_data_market_average,1,0.5829676966133159,0.2565845575341243,0.16044774585255966,0.6003656816579046,0.24997485030403807,0.14965946803805735,0.5979026871867927,0.24618722050802136,0.15591009230518585,122.98553472824688,2.615054948395947,0.81,-0.06,0,NA,A,6.286043976358923e-4
poisson_hybrid_v2_total_dc_tail,2022,WC2022_020,2022-11-22,Group D,Group D,France,Australia,4,1,final,A,0.7606365907970143,0.16577954627104616,0.07358386293193955,A,2.20228418193558,0.5236788645072763,2,0,2-0,0.15879845619262703,0.033610640999849666,football_data_market_average,1,0.6479864563427185,0.2367989240941545,0.11521461956312706,0.7608996235125765,0.1613046582175477,0.07779571826987594,0.7561053284336962,0.17484207099768242,0.06905260056862139,171.1037814277272,2.703278896549738,0.81,-0.06,0,NA,A,4.417085732817348e-5
poisson_hybrid_v2_total_dc_tail,2022,WC2022_025,2022-11-23,Group E,Group E,Germany,Japan,1,2,final,B,0.6415666305003035,0.21778036158751463,0.14065300791218188,A,1.8543128163656095,0.729451793236387,2,0,2-0,0.129784052361495,0.03724187369837663,football_data_market_average,1,0.5183212850830594,0.2743519938708574,0.20732672104608318,0.6430648535956834,0.2104491821954963,0.14648596420882024,0.6313557093554953,0.2382022038771303,0.13044208676737437,81.81070102307376,2.541851278256316,0.81,-0.1,0,NA,A,1.1448495440720118e-4
poisson_hybrid_v2_total_dc_tail,2022,WC2022_026,2022-11-23,Group E,Group E,Spain,Costa Rica,7,0,final,A,0.8085317762136373,0.1354058921936258,0.05606233159273694,A,2.4955842857923503,0.5071751084089932,2,0,2-0,0.13229101492755674,0.01190657303898119,football_data_market_average,1,0.7099104909721441,0.21479449192952718,0.07529501709832875,0.8085513848194268,0.13300566731409877,0.05844294786647443,0.7559749147155695,0.16954300141715395,0.07448208386727649,228.0042771460935,2.9914536045198585,0.81,-0.02,0.3,5,A,1.2714320573477898e-5
poisson_hybrid_v2_total_dc_tail,2022,WC2022_031,2022-11-23,Group F,Group F,Morocco,Croatia,0,0,final,D,0.28829960040609937,0.27380390571618246,0.4378964938777181,B,1.0359363030801263,1.3445513475678021,1,1,1-1,0.141732836965212,0.10539025973426155,football_data_market_average,1,0.2846836365730428,0.281612206740231,0.43370415668672613,0.27754531323347154,0.2922288822182219,0.4302258045483066,0.27541479704562555,0.29957351243713004,0.42501169051724436,-65.46856165663121,2.5133683077701643,0.81,-0.1,0,NA,B,7.65540986634228e-4
poisson_hybrid_v2_total_dc_tail,2022,WC2022_032,2022-11-23,Group F,Group F,Belgium,Canada,1,0,final,A,0.619036452699219,0.22072041944935092,0.16024312785143,A,1.8576526501147437,0.8204025190701305,1,0,1-0,0.12133276929200731,0.12133276929200731,football_data_market_average,1,0.6653907482553572,0.23100232666024373,0.10360692508439917,0.6170588720903369,0.2290578384542098,0.15388328945545326,0.6127547380536875,0.2332838487404139,0.15396141320589857,185.71813708735223,2.7306587797223596,0.81,-0.06,0,NA,A,1.4727033151238408e-4
poisson_hybrid_v2_total_dc_tail,2022,WC2022_037,2022-11-24,Group G,Group G,Switzerland,Cameroon,1,0,final,A,0.5473941181711575,0.25099200621604856,0.20161387561279392,A,1.5926807914498688,0.8563205865794146,1,0,1-0,0.130506935322817,0.130506935322817,football_data_market_average,1,0.5947212554628754,0.25318476300149945,0.15209398153562528,0.5398158018641723,0.27607951861634034,0.18410467951948734,0.5403255964043212,0.26512904974972185,0.19454535384595711,131.0726934411191,2.629678714103123,0.81,-0.06,0,NA,A,0.0014182447738499298
poisson_hybrid_v2_total_dc_tail,2022,WC2022_038,2022-11-24,Group G,Group G,Brazil,Serbia,2,0,final,A,0.6721068640439726,0.19427193476439156,0.1336212011916359,A,2.1086732349095536,0.8162564887506454,1,0,1-0,0.11104353860783243,0.10045780975640246,football_data_market_average,1,0.7274623596229451,0.2077177309316932,0.06481990944536169,0.668926976359832,0.21081640124592768,0.12025662239424027,0.6299273209100789,0.21332182284745005,0.15675085624247112,247.1921751166367,3.0288996136192012,0.81,-0.02,0.3,5,A,5.684874670417882e-4
poisson_hybrid_v2_total_dc_tail,2022,WC2022_043,2022-11-24,Group H,Group H,Uruguay,South Korea,0,0,final,D,0.5186504839762488,0.2633222954163247,0.21802722060742658,A,1.4851649122342223,0.8606188226449568,1,1,1-1,0.1346533854708447,0.10801333029180027,football_data_market_average,1,0.4238789267357093,0.29885591921602456,0.2772651540482662,0.5137244405423071,0.27838429421713273,0.20789126524056017,0.5064092671152628,0.2878047291382965,0.20578600374644074,27.64436972275348,2.448662180296763,0.81,-0.1,0,NA,A,5.127342495313044e-4
poisson_hybrid_v2_total_dc_tail,2022,WC2022_044,2022-11-24,Group H,Group H,Portugal,Ghana,3,2,final,A,0.7328044241192732,0.170655438575672,0.0965401373050548,A,2.2695667819850276,0.6860863627301965,1,0,1-0,0.1193489177079494,0.01943182135171396,football_data_market_average,1,0.7238057919044915,0.20922980167188193,0.06696440642362665,0.7314451167065034,0.18216247290420007,0.08639241038929661,0.685182725931191,0.19625142020092642,0.11856585386788267,243.05253652571537,3.0207789633800104,0.81,-0.02,0.3,5,A,2.790681460481643e-4
poisson_hybrid_v2_total_dc_tail,2022,WC2022_003,2022-11-25,Group A,Group A,Qatar,Senegal,1,3,final,B,0.2129821747167786,0.26015907287803336,0.5268587524051881,B,0.8567331609234037,1.5127396819542451,1,1,1-1,0.13333786125620026,0.046231496110418054,football_data_market_average,1,0.3314312130143697,0.29697793884200446,0.3715908481436259,0.20427414177494155,0.2729565209106934,0.5227693373143651,0.200860550966215,0.28440232037916063,0.5147371286546243,-31.700519291679484,2.455520555853604,0.81,-0.1,0,NA,B,3.6684608616338187e-4
poisson_hybrid_v2_total_dc_tail,2022,WC2022_004,2022-11-25,Group A,Group A,Netherlands,Ecuador,1,1,final,D,0.544413225934479,0.25028455728417814,0.2053022167813427,A,1.5995970518635474,0.8748447493201621,1,0,1-0,0.12763144034885368,0.12491397739821765,football_data_market_average,1,0.615571727005483,0.2469802405867749,0.137448032407742,0.5366681858445149,0.27551805839471816,0.18781375576076698,0.5373426234402404,0.2644257622726556,0.19823161428710406,146.01901771355983,2.656921276089654,0.81,-0.06,0,NA,A,0.0014270961811160662
poisson_hybrid_v2_total_dc_tail,2022,WC2022_009,2022-11-25,Group B,Group B,Wales,Iran,0,2,final,B,0.42169178335927093,0.27436950861066245,0.3039387080300666,A,1.3192903575014248,1.0761115755434132,1,1,1-1,0.14232478480248903,0.05276850251757008,football_data_market_average,1,0.26033816337594884,0.27373736298592805,0.4659244736381231,0.41287355821438787,0.294666313566991,0.29246012821862116,0.40875316655904476,0.3002467422111149,0.2910000912298403,-83.20639036243551,2.5442987564759516,0.81,-0.1,0,NA,A,9.29710782498378e-4
poisson_hybrid_v2_total_dc_tail,2022,WC2022_010,2022-11-25,Group B,Group B,England,USA,0,0,final,D,0.631773420389897,0.22457520422855712,0.14365137538154582,A,1.7915891071785686,0.7137841262928831,1,0,1-0,0.13583367298640486,0.09208596725115037,football_data_market_average,1,0.5490015961275465,0.2660871128364676,0.1849112910359859,0.6294271060922633,0.23574267031064933,0.13483022359708735,0.621332577649177,0.24545688970999716,0.13321053264082583,100.74542966360514,2.57525681449934,0.81,-0.1,0,NA,A,2.7430551129255536e-4
poisson_hybrid_v2_total_dc_tail,2022,WC2022_015,2022-11-26,Group C,Group C,Poland,Saudi Arabia,2,0,final,A,0.5532266546242973,0.25198645675132975,0.1947868886243729,A,1.5825984621504336,0.8237285732918411,1,0,1-0,0.130912900055639,0.11289038034592615,football_data_market_average,1,0.5054366529353337,0.27775668934281295,0.21680665772185337,0.5480034059827481,0.2698217233120155,0.18217487070523636,0.5414749647086674,0.2754898365825895,0.1830351987087431,74.11430443255222,2.52839711800183,0.81,-0.1,0,NA,A,7.14225114124154e-4
poisson_hybrid_v2_total_dc_tail,2022,WC2022_016,2022-11-26,Group C,Group C,Argentina,Mexico,2,0,final,A,0.6310679602871788,0.22224790338567477,0.14668413632714639,A,1.8196407566692554,0.7405373999001686,1,0,1-0,0.13439277684921813,0.12795878294331062,football_data_market_average,1,0.6419412972521713,0.23875426532678543,0.11930443742104323,0.626695201167718,0.24258286288728315,0.1307219359449988,0.6248189291593856,0.23474596564126138,0.14043510519935296,166.22985907822158,2.6942088231691033,0.81,-0.06,0,NA,A,9.101583849379846e-4
poisson_hybrid_v2_total_dc_tail,2022,WC2022_021,2022-11-26,Group D,Group D,Tunisia,Australia,0,1,final,B,0.42556499721001523,0.2770469948667491,0.29738800792323566,A,1.306201013466632,1.0435458487821325,1,1,1-1,0.1430316474530534,0.08654441244282077,football_data_market_average,1,0.3337390541182702,0.2977562019554961,0.36850474392623367,0.419308094701076,0.29166205046456756,0.2890298548343565,0.4125621201688287,0.3030527489491224,0.2843851308820489,-30.01780350435365,2.452672992851102,0.81,-0.1,0,NA,A,4.811020145540512e-4
poisson_hybrid_v2_total_dc_tail,2022,WC2022_022,2022-11-26,Group D,Group D,France,Denmark,2,1,final,A,0.5327005227819952,0.25458514316179637,0.21271433405620854,A,1.5611050086228755,0.88272169997656,1,1,1-1,0.13161583894110687,0.09339370244775617,football_data_market_average,1,0.5411533198917704,0.2682258243024686,0.190620855805761,0.5270819053985978,0.2722642386234293,0.20065385597797303,0.5207354465146217,0.27851529569654315,0.20074925778883515,95.81048217700412,2.5665082803973176,0.81,-0.1,0,NA,A,6.952183097634923e-4
poisson_hybrid_v2_total_dc_tail,2022,WC2022_027,2022-11-27,Group E,Group E,Japan,Costa Rica,0,1,final,B,0.6305894594786496,0.22395384797936468,0.14545669254198565,A,1.8006050184501556,0.7260468099638001,1,0,1-0,0.13346655064279273,0.04758121308628526,football_data_market_average,1,0.5637086550938551,0.26202562012665914,0.1742657247794858,0.6283585711528571,0.23442180089080888,0.1372196279563341,0.620140521324079,0.24485172428850602,0.13500775438741497,110.18726850924804,2.592078232858688,0.81,-0.1,0,NA,A,2.3974343657648704e-4
poisson_hybrid_v2_total_dc_tail,2022,WC2022_028,2022-11-27,Group E,Group E,Spain,Germany,1,1,final,D,0.4058236315330711,0.27150916256600216,0.3226672059009268,A,1.3155175562138144,1.1421070790781054,1,1,1-1,0.14153483406302955,0.14153483406302955,football_data_market_average,1,0.49694869472705844,0.27998288378566755,0.22306842148727404,0.40173872056809834,0.28050330751244046,0.3177579719194613,0.392956828436432,0.2972427687592802,0.30980040280428783,69.11332341201728,2.5196930390966203,0.81,-0.1,0,NA,A,1.762937580871002e-4
poisson_hybrid_v2_total_dc_tail,2022,WC2022_033,2022-11-27,Group F,Group F,Belgium,Morocco,0,2,final,B,0.5317336106154382,0.25239699285649486,0.21586939652806697,A,1.5806803834977028,0.9062493147548796,1,1,1-1,0.12628093288007106,0.03415116694575082,football_data_market_average,1,0.6141472796629411,0.24741185990563533,0.1384408604314236,0.5242355866956255,0.2757215353797344,0.20004287792464015,0.5245856332826041,0.26669294752216316,0.2087214191952328,144.9712064721664,2.6550022724820166,0.81,-0.06,0,NA,A,0.0012114003472196923
poisson_hybrid_v2_total_dc_tail,2022,WC2022_034,2022-11-27,Group F,Group F,Croatia,Canada,4,1,final,A,0.46600019137004217,0.2665953114594258,0.267404497170532,A,1.428204841846385,1.0126761313717902,1,1,1-1,0.13854556381379765,0.015288335360375657,football_data_market_average,1,0.5675734947111167,0.2609455618968021,0.17148094339208111,0.4577127890535943,0.28788381005099944,0.25440340089540625,0.4534051401142425,0.2917854139710253,0.2548094459147322,112.7139262687142,2.5965982891886052,0.81,-0.1,0,NA,A,0.0010145829536293532
poisson_hybrid_v2_total_dc_tail,2022,WC2022_039,2022-11-28,Group G,Group G,Cameroon,Serbia,3,3,final,D,0.19987453990163265,0.24583797234445698,0.5542874877539103,B,0.8750827763213332,1.6396466567916559,1,1,1-1,0.12766121756853738,0.006636859195300105,football_data_market_average,1,0.23032461899271747,0.26393936031019755,0.5057360206970849,0.19251570891515296,0.25633033954601375,0.5511539515388333,0.18826897466812925,0.26904910281146366,0.542681922520407,-105.7267502435277,2.5841178008710664,0.81,-0.1,0,NA,B,2.389532237880129e-4
poisson_hybrid_v2_total_dc_tail,2022,WC2022_040,2022-11-28,Group G,Group G,Brazil,Switzerland,1,0,final,A,0.6588297571943179,0.20785904918047998,0.13331119362520216,A,1.9443479454860055,0.7368403850941425,2,0,2-0,0.12944722481681262,0.12726560441514334,football_data_market_average,1,0.6989454316140595,0.2189992198603322,0.0820553485256083,0.655554313720875,0.2250106589619785,0.11943502731714657,0.6529430365666755,0.21963249043576474,0.12742447299755968,216.820665903138,2.7898557600100107,0.81,-0.06,0,NA,A,6.339998666750132e-4
poisson_hybrid_v2_total_dc_tail,2022,WC2022_045,2022-11-28,Group H,Group H,South Korea,Ghana,2,3,final,B,0.41837387591235503,0.26875771390467246,0.3128684101829725,A,1.3548622147738374,1.1334801656772422,1,1,1-1,0.13518906287986282,0.018500242761442538,football_data_market_average,1,0.6423397865594515,0.23862623305490502,0.11903398038564351,0.40653251014194475,0.2955401135567357,0.29792737630131966,0.41072166480594746,0.2840621361174873,0.30521619907656533,166.54815340555183,2.6948002196692182,0.81,-0.06,0,NA,A,0.0016090147073525964
poisson_hybrid_v2_total_dc_tail,2022,WC2022_046,2022-11-28,Group H,Group H,Portugal,Uruguay,2,0,final,A,0.49791805114550125,0.26684320242797865,0.23523874642652015,A,1.449093029886119,0.9048781559180115,1,1,1-1,0.1370131852130914,0.09973459881978158,football_data_market_average,1,0.47842827911452623,0.2848036819630509,0.23676803892242293,0.49070730634250864,0.28743409530448044,0.22185859835301094,0.48546230703522014,0.29175469064854076,0.22278300231623901,58.36621495941358,2.501089225793751,0.81,-0.1,0,NA,A,9.66406201864918e-4
poisson_hybrid_v2_total_dc_tail,2022,WC2022_005,2022-11-29,Group A,Group A,Ecuador,Senegal,1,2,final,B,0.4073896782439231,0.28510123246966246,0.3075090892864144,A,1.2283823695753922,1.0274851281685342,1,1,1-1,0.1454758818647995,0.06794286596512912,football_data_market_average,1,0.4295197678243316,0.29740481532356344,0.27307541685210496,0.39581472620523994,0.31121208686411006,0.29297318693065005,0.39416459807439586,0.3115513928087169,0.2942840091168873,30.777236996179223,2.453957729315295,0.81,-0.1,0,NA,A,0.0016135033927409084
poisson_hybrid_v2_total_dc_tail,2022,WC2022_006,2022-11-29,Group A,Group A,Netherlands,Qatar,2,0,final,A,0.7779143003848024,0.1555061884406883,0.06657951117450941,A,2.289915567044445,0.5104170117123534,2,0,2-0,0.1593823984161994,0.1593823984161994,football_data_market_average,1,0.7008608945800191,0.21827578427756508,0.08086332114241573,0.7779683888308729,0.15414754357135652,0.06788406759777059,0.7736511831577785,0.16403242289473602,0.06231639394748551,218.73372537428645,2.793538471038853,0.81,-0.06,0,NA,A,4.083059875901394e-6
poisson_hybrid_v2_total_dc_tail,2022,WC2022_011,2022-11-29,Group B,Group B,Wales,England,0,3,final,B,0.1282878301600056,0.20753468982728496,0.6641774800127095,B,0.7085088899473568,1.9352892681825429,0,2,0-2,0.1331296811754218,0.0858814810851191,football_data_market_average,1,0.14307264958478166,0.23272700657841114,0.6242003438368072,0.11783410311730688,0.2203089433034329,0.6618569535792602,0.12243918122595414,0.21923198769538804,0.6583288310786578,-181.34348740804535,2.7224339526592436,0.81,-0.06,0,NA,B,3.52934428045713e-4
poisson_hybrid_v2_total_dc_tail,2022,WC2022_012,2022-11-29,Group B,Group B,Iran,USA,0,1,final,B,0.2704840865978343,0.27231936988335537,0.4571965435188104,B,0.991430857902331,1.3766765644752532,1,1,1-1,0.14061480590725864,0.11615335289683759,football_data_market_average,1,0.39606678233957887,0.3060374333555705,0.2978957843048507,0.2655633460568608,0.2804520251989305,0.45398462874420864,0.25770092242444714,0.29788569823012967,0.44441337934542335,12.265985949612286,2.4228330461957115,0.81,-0.1,0,NA,B,1.465875331697764e-4
poisson_hybrid_v2_total_dc_tail,2022,WC2022_017,2022-11-30,Group C,Group C,Poland,Argentina,0,2,final,B,0.1290013905820109,0.20655913615648838,0.6644394732615008,B,0.7176364475504312,1.9478212415453537,0,2,0-2,0.13196984313293267,0.13196984313293267,football_data_market_average,1,0.1408779037239485,0.23184089257881935,0.6272812036972322,0.12078091794121894,0.21662072619006575,0.6625983558687154,0.1231667872381494,0.2182283428442111,0.6586048699176396,-183.58827730958592,2.726651307635454,0.81,-0.06,0,NA,B,2.175325063374235e-4
poisson_hybrid_v2_total_dc_tail,2022,WC2022_018,2022-11-30,Group C,Group C,Saudi Arabia,Mexico,1,2,final,B,0.18810453387102447,0.23812920652612982,0.5737662596028457,B,0.8638525692565514,1.7083751789935762,1,1,1-1,0.12396847685726195,0.09626575856390268,football_data_market_average,1,0.24290402469758315,0.2680696868237722,0.48902628847864466,0.1886945077018617,0.23730873983073775,0.5739967524674006,0.1768346723385462,0.2606689295910866,0.5624963980703672,-96.16991282423965,2.567144464088859,0.81,-0.1,0,NA,B,1.4272446234604484e-6
poisson_hybrid_v2_total_dc_tail,2022,WC2022_023,2022-11-30,Group D,Group D,Australia,Denmark,1,0,final,A,0.14817017883984193,0.22323498207054587,0.6285948390896121,B,0.7436517897542766,1.8121629006612752,0,1,0-1,0.13021491499185964,0.047267500119330355,football_data_market_average,1,0.27880988962792363,0.2797116368659978,0.4414784735060786,0.15290088770884336,0.21718847632609847,0.6299106359650583,0.13770875794394127,0.24415782386234722,0.6181334181937116,-69.72135294302234,2.52074969672399,0.81,-0.1,0,NA,B,7.808644479374246e-5
poisson_hybrid_v2_total_dc_tail,2022,WC2022_024,2022-11-30,Group D,Group D,Tunisia,France,1,0,final,A,0.17001724007678234,0.21674910407197426,0.6132336558512433,B,0.8962948541544293,1.9177717841640554,0,1,0-1,0.11292955768521204,0.05168112129110632,football_data_market_average,1,0.10211147745933387,0.21462949697365882,0.6832590255670072,0.15089175020034826,0.2423294537113881,0.6067787960882637,0.16795592553576028,0.22087173315401842,0.6111723413102212,-228.44634702335816,2.99231075875597,0.81,-0.02,0,NA,B,0.001381148443726291
poisson_hybrid_v2_total_dc_tail,2022,WC2022_029,2022-12-01,Group E,Group E,Japan,Spain,2,1,final,A,0.14904143258132033,0.21960720104608675,0.6313513663725929,B,0.7661412854084061,1.8508094222550526,0,1,0-1,0.12894283438515594,0.03966634858013653,football_data_market_average,1,0.19082033749158392,0.2505433252740318,0.5586363372343843,0.14593141971685836,0.22358837617961377,0.6304802041035279,0.1428285291387404,0.23203300793124626,0.6251384629300133,-137.40558828529652,2.6411873674672033,0.81,-0.06,0,NA,B,3.3859470240527224e-5
poisson_hybrid_v2_total_dc_tail,2022,WC2022_030,2022-12-01,Group E,Group E,Costa Rica,Germany,2,4,final,B,0.045033994910054644,0.13674488932300372,0.8182211157669417,B,0.38717367241123524,2.367683655440741,0,2,0-2,0.1783194012238368,0.006243762046272392,football_data_market_average,1,0.16923101597864804,0.24278520735733386,0.587983776664018,0.06368709833261754,0.1187150581940119,0.8175978434733705,0.04153484954363599,0.14374318005584108,0.814721970400523,-156.2679035087283,2.675764786167646,0.81,-0.06,0,NA,B,7.520368747175139e-4
poisson_hybrid_v2_total_dc_tail,2022,WC2022_035,2022-12-01,Group F,Group F,Croatia,Belgium,0,0,final,D,0.31888843893355967,0.2728116105841681,0.4082999504822722,B,1.1245220339335293,1.3102646046414135,1,1,1-1,0.1420055318906766,0.10052603299366394,football_data_market_average,1,0.2889090137943202,0.2829811854323714,0.42810980077330846,0.3130912561856584,0.283362136126543,0.4035466076877986,0.3059788451253165,0.2986307982006547,0.39539035667402866,-62.41608673661494,2.5080835852256143,0.81,-0.1,0,NA,B,2.4438047382030595e-4
poisson_hybrid_v2_total_dc_tail,2022,WC2022_036,2022-12-01,Group F,Group F,Canada,Morocco,1,2,final,B,0.22675582957489235,0.26103418934367106,0.5122099810814366,B,0.9034084294071456,1.501847828185241,1,1,1-1,0.13468314147529908,0.09194253796265615,football_data_market_average,1,0.2759715796322364,0.27879386980443216,0.4452345505633315,0.21544055029144402,0.27811981627744997,0.506439633431106,0.2145119076225924,0.28552203324827097,0.4999660591291366,-71.78130834453646,2.5243328630106205,0.81,-0.1,0,NA,B,6.535147691368831e-4
poisson_hybrid_v2_total_dc_tail,2022,WC2022_041,2022-12-02,Group G,Group G,Serbia,Switzerland,2,3,final,B,0.37228669085594435,0.2771467264793981,0.3505665826646576,A,1.2178800345998042,1.1731736381908482,1,1,1-1,0.1438593441731019,0.01826809439343333,football_data_market_average,1,0.32464584210267006,0.2947041492754615,0.38065000862186843,0.36716480209959534,0.2876433506497156,0.34519184725068913,0.3592085686583896,0.3033029708745076,0.3374884604671029,-36.63144275209788,2.4638839259596463,0.81,-0.1,0,NA,A,2.4393741301095685e-4
poisson_hybrid_v2_total_dc_tail,2022,WC2022_042,2022-12-02,Group G,Group G,Cameroon,Brazil,1,0,final,A,0.09990525198868633,0.15055110387973342,0.7495436441315803,B,0.8645258886908714,2.624415202531201,0,1,0-1,0.08794193241443193,0.05083973100216099,football_data_market_average,1,0.03826261578974818,0.09934685912305752,0.8623905250871943,0.0895740374483179,0.16247514145852532,0.7479508210931569,0.14160773005650018,0.18376735682360976,0.67462491311989,-362.1949226306645,3.5557393466567904,0.76,-0.02,0.55,3.2,B,2.832161223314198e-4
poisson_hybrid_v2_total_dc_tail,2022,WC2022_047,2022-12-02,Group H,Group H,Ghana,Uruguay,0,2,final,B,0.20648857715886124,0.24022151571036904,0.5532899071307698,B,0.934109478693701,1.696473532172315,1,1,1-1,0.12100492889879977,0.1036612661585355,football_data_market_average,1,0.15473097351603785,0.23731629679330782,0.6079527296906544,0.1991905575719972,0.2507468549190422,0.5500625875089606,0.1996392415608157,0.2539201869064594,0.546440571532725,-169.8114809509566,2.7008710333685437,0.81,-0.06,0,NA,B,2.3541278124243197e-4
poisson_hybrid_v2_total_dc_tail,2022,WC2022_048,2022-12-02,Group H,Group H,South Korea,Portugal,2,1,final,A,0.22789039107093878,0.25104945094294034,0.5210601579861209,B,0.9604977616767866,1.5918587022584112,1,1,1-1,0.13101446171631717,0.05719958964809622,football_data_market_average,1,0.2283889646098457,0.2632995669405478,0.5083114684496065,0.22441668105181956,0.2562861149165011,0.5192972040316794,0.21597998546036445,0.2748702621640889,0.5091497523755466,-107.21565060346416,2.586772234309724,0.81,-0.1,0,NA,B,5.852824712816583e-5
poisson_hybrid_v2_total_dc_tail,2022,WC2022_001,2022-12-03,Round of 16,NA,Netherlands,USA,3,1,final,A,0.5132940265339418,0.26040503275315413,0.22630094071290396,A,1.5074305910973846,0.9048900015991203,1,1,1-1,0.13445231389956236,0.04629125914873487,football_data_market_average,1,0.5405137456258973,0.2683993058482231,0.19108694852587974,0.5060702103368349,0.2818416324090652,0.2120881572541,0.5010710889067093,0.28485090800761986,0.21407800308567096,95.4112806487724,2.5658018879810305,0.81,-0.1,0,NA,A,0.0010357525828896337
poisson_hybrid_v2_total_dc_tail,2022,WC2022_002,2022-12-03,Round of 16,NA,Argentina,Australia,2,1,final,A,0.7328235403564946,0.1766688112115755,0.09050764843192995,A,2.1581992818604108,0.6060787876623231,2,0,2-0,0.1467717894417891,0.08895526820790933,football_data_market_average,1,0.6742645255375775,0.22794208794696896,0.09779338651545354,0.7331876662595228,0.1731144538277242,0.09369787991275304,0.7278774576315726,0.18656097666141966,0.08556156570700776,193.5370702871512,2.7454211866646143,0.81,-0.06,0,NA,A,2.7189468122226814e-5
poisson_hybrid_v2_total_dc_tail,2022,WC2022_003,2022-12-04,Round of 16,NA,France,Poland,3,1,final,A,0.6771566784432447,0.20286328218391994,0.1199800393728354,A,1.9638855230792849,0.6807392886059611,2,0,2-0,0.13697977635185582,0.06104248192254478,football_data_market_average,1,0.6246175402985752,0.24421035462079013,0.13117210508063473,0.6764553630465249,0.2070959343796031,0.11644870257387206,0.6714589421295133,0.2142587548113826,0.11428230305910413,152.7727922346353,2.6693237366238547,0.81,-0.06,0,NA,A,3.85829438887131e-5
poisson_hybrid_v2_total_dc_tail,2022,WC2022_004,2022-12-04,Round of 16,NA,England,Senegal,3,0,final,A,0.6076524505416195,0.23197658437491553,0.1603709650834649,A,1.7432730450209002,0.7639069965966653,1,0,1-0,0.13556098726067714,0.07195990090267634,football_data_market_average,1,0.6300804829284629,0.2425121998694742,0.12740731720206294,0.6017707005622268,0.25664547731620335,0.1415838221215699,0.6011406256267978,0.2450002342045588,0.15385914016864333,156.93903057596594,2.6770033663323023,0.81,-0.06,0,NA,A,0.0013582984188946516
poisson_hybrid_v2_total_dc_tail,2022,WC2022_005,2022-12-05,Round of 16,NA,Japan,Croatia,1,1,final,D,0.2794012563058134,0.27903139773156077,0.44156734596262576,B,0.9832056947586785,1.3128586568649725,1,1,1-1,0.14291801164581003,0.14291801164581003,football_data_market_average,1,0.3528665534744356,0.3043221769163874,0.342811269609177,0.2684191745332378,0.297582762648955,0.43399806281780723,0.26640870979255793,0.3050164907580717,0.42857479944937044,-15.920311249478344,2.4289459692250195,0.81,-0.1,0,NA,B,7.914154847395574e-4
poisson_hybrid_v2_total_dc_tail,2022,WC2022_006,2022-12-05,Round of 16,NA,Brazil,South Korea,4,1,final,A,0.7663887371318586,0.16189510432206422,0.07171615854607716,A,2.240264402395351,0.5256098065646443,2,0,2-0,0.15789376091911714,0.03470929071494728,football_data_market_average,1,0.688300818220368,0.22293925313904506,0.08875992864058688,0.766345543055034,0.162708653556157,0.07094580338880914,0.7619433417198317,0.170785895146118,0.06727076313405035,206.48048482429272,2.770034399664402,0.81,-0.06,0,NA,A,1.4601763800332296e-6
poisson_hybrid_v2_total_dc_tail,2022,WC2022_007,2022-12-06,Round of 16,NA,Morocco,Spain,0,0,final,D,0.1750666414765676,0.23605639246301585,0.5888769660604166,B,0.8143821930110094,1.7188333922280075,0,1,0-1,0.12981215391439102,0.08607214685749662,football_data_market_average,1,0.18490401356801908,0.24845622591220093,0.5666397605197799,0.16218642650685422,0.2534997394100765,0.5843138340830693,0.16839777890600446,0.24939411760414276,0.5822081034898527,-142.44093776963928,2.6503739494703105,0.81,-0.06,0,NA,B,6.668555943973135e-4
poisson_hybrid_v2_total_dc_tail,2022,WC2022_008,2022-12-06,Round of 16,NA,Portugal,Switzerland,6,1,final,A,0.5020198242495438,0.2598026249023137,0.23817755084814252,A,1.508078810508863,0.9509297436386139,1,1,1-1,0.13490601453327813,0.0013286981186535138,football_data_market_average,1,0.5048306943104554,0.2779160271215184,0.2172532785680263,0.49843824582615626,0.26998313853238065,0.23157861564146318,0.48975564111015496,0.2843309911810915,0.22591336770875356,73.75554809737946,2.5277717119427874,0.81,-0.1,0,NA,A,2.266171527091908e-4
poisson_hybrid_v2_total_dc_tail,2022,WC2022_009,2022-12-09,Quarter-finals,NA,Croatia,Brazil,1,1,final,D,0.12334109719323279,0.20245310395356897,0.6742057988531983,B,0.7036165389974072,1.9781208962296501,0,2,0-2,0.13390968097342726,0.10097899519793671,football_data_market_average,1,0.13585927839911438,0.22978553617108824,0.6343551854297974,0.11578115999870262,0.21158620204482378,0.6726326379564735,0.1176253050122175,0.2138846883155996,0.6684900066721828,-188.8182862745257,2.736502443903298,0.81,-0.06,0,NA,B,1.7908697231410484e-4
poisson_hybrid_v2_total_dc_tail,2022,WC2022_010,2022-12-09,Quarter-finals,NA,Netherlands,Argentina,2,2,final,D,0.28726374366485374,0.2798501629490034,0.4328860933861428,B,1.0010914639232107,1.29693565283109,1,1,1-1,0.14347108318929808,0.04233542151053078,football_data_market_average,1,0.3050906061301283,0.28824865355986334,0.40666074031000826,0.2725495540668723,0.30511330622888005,0.42233713970424763,0.2742209179203723,0.3059358144379667,0.4198432676416611,-50.75326827634626,2.487993985286009,0.81,-0.1,0,NA,B,0.001490700338737778
poisson_hybrid_v2_total_dc_tail,2022,WC2022_011,2022-12-10,Quarter-finals,NA,Morocco,Portugal,1,0,final,A,0.17621281771652528,0.23832942370541985,0.5854577585780549,B,0.8084724478067554,1.6980017551576623,0,1,0-1,0.12728520517749684,0.05473939083026114,football_data_market_average,1,0.2235733960624798,0.2617020887185274,0.5147245152189929,0.166464262638141,0.25156756790488033,0.5819681694569787,0.16501700931415791,0.26072104051015454,0.5742619501756876,-110.94342201581117,2.593430125612001,0.81,-0.1,0,NA,B,3.836393368188336e-4
poisson_hybrid_v2_total_dc_tail,2022,WC2022_012,2022-12-10,Quarter-finals,NA,England,France,1,2,final,B,0.35126905831477834,0.28649482373677115,0.3622361179484505,B,1.1200049533020524,1.1420488748099689,1,1,1-1,0.14652098301903108,0.07606096536042499,football_data_market_average,1,0.35067549750122523,0.3035582569429968,0.3457662455557779,0.3397306832378929,0.3092883874364071,0.35098092932569996,0.33794896894941184,0.3131350024675041,0.3489160285830841,-17.551554904118802,2.4316796758436543,0.81,-0.1,0,NA,B,0.0012172991377845368
poisson_hybrid_v2_total_dc_tail,2022,WC2022_013,2022-12-13,Semi-finals,NA,Argentina,Croatia,3,0,final,A,0.5120601892793195,0.2637218291322059,0.2242179815884746,A,1.4799126089066743,0.8811406120572587,1,0,1-0,0.13220686217918845,0.05095239214826159,football_data_market_average,1,0.5945341681334942,0.25323939622438146,0.15222643564212426,0.5005407796085363,0.2980851887266329,0.20137403166483087,0.504680464647037,0.2784812783967711,0.21683825695619197,130.94217237086082,2.6294420487354797,0.81,-0.06,0,NA,A,0.0027730406945567707
poisson_hybrid_v2_total_dc_tail,2022,WC2022_014,2022-12-14,Semi-finals,NA,France,Morocco,2,0,final,A,0.60497090251646,0.23167320071218428,0.16335589677135573,A,1.7496510817811897,0.7799383139579318,1,0,1-0,0.13290780129168486,0.1219793198576275,football_data_market_average,1,0.6040811725821573,0.25042871407953277,0.14549011333831002,0.6008495300052805,0.24862781415657187,0.15052265583814764,0.5984459664723677,0.24472307280036892,0.1568309607272634,137.6813724487531,2.6416896878106764,0.81,-0.06,0,NA,A,6.312028813888138e-4
poisson_hybrid_v2_total_dc_tail,2022,WC2022_015,2022-12-17,Match for third place,NA,Croatia,Morocco,2,1,final,A,0.42820574429894226,0.27124134564100166,0.30055291006005597,A,1.3505150051610546,1.0848789596462414,1,1,1-1,0.14112216367203081,0.08663072709085086,football_data_market_average,1,0.4385969577832551,0.29507105590028776,0.2663319863164571,0.4264590627526572,0.2753099702272611,0.2982309670200817,0.41537645669239387,0.2968999208540982,0.2877236224535079,35.83428139254943,2.4625299278379633,0.81,-0.1,0,NA,A,3.592475837132242e-5
poisson_hybrid_v2_total_dc_tail,2022,WC2022_016,2022-12-18,Final,NA,Argentina,France,3,3,final,D,0.3832250159441465,0.282977777492452,0.3337972065634015,A,1.2018395251025513,1.1016755748665426,1,1,1-1,0.1455087105208023,0.006441606821062328,football_data_market_average,1,0.4270961480956784,0.2980281727690213,0.2748756791353003,0.3736721110439974,0.30320795117300586,0.3231199377829967,0.36999695135134614,0.3094339066780523,0.3205691419706015,29.430361613937976,2.4516796766014513,0.81,-0.1,0,NA,A,9.432251062550911e-4
poisson_hybrid_v2_total_dc_tail,2026,WC2026_001,2026-06-11,Group A,Group A,Mexico,South Africa,2,0,final,A,0.6754425720644006,0.20562481109589925,0.11893261683970004,A,1.9310931748281563,0.6613741987696307,2,0,2-0,0.1395347080654968,0.1395347080654968,NA,NA,0.6716407769000906,0.2288548016068813,0.09950442149302811,0.6716407769000906,0.2288548016068813,0.09950442149302811,0.6697079141856217,0.21709412685345725,0.11319795896092101,191.1974020466721,2.740995466885806,0,-0.06,0,NA,A,0.0011958079725674327
poisson_hybrid_v2_total_dc_tail,2026,WC2026_002,2026-06-11,Group A,Group A,South Korea,Czech Republic,2,1,final,A,0.5134242781125706,0.2603054787851496,0.2262702431022798,A,1.5083025981388591,0.9052760657117507,1,1,1-1,0.13441827288494956,0.0921561046498671,NA,NA,0.5077499171206775,0.2771478000869852,0.2151022827923373,0.5077499171206775,0.2771478000869852,0.2151022827923373,0.5012044351230297,0.2847451647642313,0.21405040011273893,75.48641514035558,2.53079049353318,0,-0.1,0,NA,A,6.336369217964913e-4
poisson_hybrid_v2_total_dc_tail,2026,WC2026_007,2026-06-12,Group B,Group B,Canada,Bosnia & Herzegovina,1,1,final,D,0.6418300302841048,0.21917653866697126,0.13899343104892392,A,1.836905214340831,0.7137748172872914,1,0,1-0,0.1371927590241137,0.10844451868659051,NA,NA,0.6376045697047295,0.2401400010312267,0.12225542926404387,0.6376045697047295,0.2401400010312267,0.12225542926404387,0.6356916613018452,0.23145327663149085,0.13285506206666398,162.79231863132645,2.687830076028573,0,-0.06,0,NA,A,9.718135417742125e-4
poisson_hybrid_v2_total_dc_tail,2026,WC2026_019,2026-06-12,Group D,Group D,USA,Paraguay,4,1,final,A,0.46123064558244514,0.2730195659521964,0.26574978846535846,A,1.375540245220443,0.9733532986551132,1,1,1-1,0.14061284266759458,0.013862481049279389,NA,NA,0.45420336557111435,0.29105740994994267,0.254739224478943,0.45420336557111435,0.29105740994994267,0.254739224478943,0.44844765988539126,0.29858553734630433,0.25296680276830436,44.58627388214836,2.477436251076682,0,-0.1,0,NA,A,7.382672857425063e-4
poisson_hybrid_v2_total_dc_tail,2026,WC2026_008,2026-06-13,Group B,Group B,Qatar,Switzerland,1,1,final,D,0.016845394864692404,0.09591613913174851,0.8872384660035592,B,0.19820798308156512,2.608427259772685,0,2,0-2,0.2055052372939225,0.03310557743235143,median_complete_bookmakers,5,0.12355310408548276,0.22455470967939184,0.6518921862351255,0.030782151469522394,0.08414770456171694,0.8850701439687607,0.014971494255314024,0.09966394035050523,0.8853645653941806,-202.27862267645787,2.7620200390076883,0.8700000000000001,-0.06,0,NA,B,3.6091391380341654e-4
poisson_hybrid_v2_total_dc_tail,2026,WC2026_013,2026-06-13,Group C,Group C,Brazil,Morocco,1,1,final,D,0.5674637051332495,0.2462699958585437,0.18626629900820676,A,1.6306181041528662,0.8149281610223011,1,0,1-0,0.12982178550604984,0.12670012151841495,median_complete_bookmakers,8,0.49438057547296704,0.2806541506308646,0.22496527389616833,0.564404128440919,0.25721113338380225,0.17838473817527883,0.5559455122679388,0.26930638158916476,0.17474810614289643,67.61015116649355,2.517082667940493,0.8700000000000001,-0.1,0,NA,A,2.6388303329196263e-4
poisson_hybrid_v2_total_dc_tail,2026,WC2026_014,2026-06-13,Group C,Group C,Haiti,Scotland,0,1,final,B,0.16692381519321767,0.22597260195023816,0.6071035828565442,B,0.8267806598208702,1.8114626680075734,0,1,0-1,0.11878912315295648,0.11878912315295648,median_complete_bookmakers,8,0.21809311123002292,0.25987306062438165,0.5220338281455954,0.1716265402773328,0.2197182994195195,0.6086551603031478,0.15621737223379034,0.24738548786909295,0.5963971398971167,-115.22960892028324,2.60110654238998,0.8700000000000001,-0.1,0,NA,B,8.198503942827417e-5
poisson_hybrid_v2_total_dc_tail,2026,WC2026_020,2026-06-13,Group D,Group D,Australia,Turkey,2,0,final,A,0.20862411250616106,0.25514267968006293,0.5362332078137759,B,0.8640026664648974,1.5563202189517298,1,1,1-1,0.13148428807655604,0.033179306287243096,median_complete_bookmakers,8,0.33995660142917966,0.29986665069290164,0.3601767478779187,0.20597200881736769,0.25900026944901827,0.5350277217336141,0.19667099540829217,0.2790489138758005,0.5242800907159073,-25.46740272344823,2.4449891397139183,0.8700000000000001,-0.1,0,NA,B,3.252784055037867e-5
poisson_hybrid_v2_total_dc_tail,2026,WC2026_025,2026-06-14,Group E,Group E,Germany,Curaçao,7,1,final,A,0.91548346176498,0.06596609137365181,0.018550446861368173,A,3.3170762175236765,0.3618893309564713,2,0,2-0,0.12519693013022531,0.010755023911868791,median_complete_bookmakers,8,0.9012296259570908,0.0760945491632495,0.022675824879659693,0.9144698037119694,0.059716925312989666,0.025813270975040988,0.8344940564074884,0.12601404592363658,0.039491897668874974,386.4567998967625,3.6594195760173314,0.8200000000000001,-0.02,0.55,3.2,A,9.539582450483815e-5
poisson_hybrid_v2_total_dc_tail,2026,WC2026_026,2026-06-14,Group E,Group E,Ivory Coast,Ecuador,1,0,final,A,0.2880644522353394,0.2865335478955996,0.425401999869061,B,0.9702917704875704,1.2448616466582971,1,1,1-1,0.14500641469555495,0.09271210807676383,median_complete_bookmakers,8,0.24320139267073526,0.26816682402297143,0.4886317833062933,0.2642351952305968,0.32771241033601817,0.40805239443338504,0.27488205089937995,0.31289835056751863,0.41221959853310153,-95.94628605481398,2.5667486314963,0.8700000000000001,-0.1,0,NA,B,0.004253276931555466
poisson_hybrid_v2_total_dc_tail,2026,WC2026_031,2026-06-14,Group F,Group F,Netherlands,Japan,2,2,final,D,0.46959001609958734,0.2688625145458623,0.26154746935455037,A,1.413932975722577,0.9818159970299027,1,1,1-1,0.13912047605710312,0.04389320625030135,median_complete_bookmakers,8,0.39307391694800214,0.30681441184100816,0.30011167121098975,0.4681688693851533,0.2725728195447769,0.2592583110700699,0.4569427000943961,0.29415714655624486,0.24890015334935908,10.614418472529223,2.420075368718973,0.8700000000000001,-0.1,0,NA,A,3.011995942567803e-5
poisson_hybrid_v2_total_dc_tail,2026,WC2026_032,2026-06-14,Group F,Group F,Sweden,Tunisia,5,1,final,A,0.501651950843998,0.26450592190387107,0.23384212725213094,A,1.4693463638710447,0.9114716906844309,1,1,1-1,0.13623349908498258,0.004810682672952315,median_complete_bookmakers,8,0.4406765714285499,0.2945364473332391,0.2647869812382111,0.49736808385693304,0.2768259243267079,0.2258059918163592,0.4892670872908178,0.2892756490102315,0.22145726369895066,36.99599349444088,2.464503372390635,0.8700000000000001,-0.1,0,NA,A,3.3848593355799444e-4
poisson_hybrid_v2_total_dc_tail,2026,WC2026_037,2026-06-15,Group G,Group G,Belgium,Egypt,NA,NA,scheduled,NA,0.5921197433534351,0.23359088686956317,0.17428936977700168,A,1.7422434540484046,0.8231710262953252,1,0,1-0,0.12734027016027316,NA,median_complete_bookmakers,8,0.5817285163620197,0.25693930138541665,0.16133218225256363,0.5901554360455952,0.24114389098096173,0.1687006729734431,0.5855036011045334,0.24682317136736712,0.16767322752809952,122.1457618177742,2.6135410808512503,0.8700000000000001,-0.06,0,NA,A,1.226577762947959e-4
poisson_hybrid_v2_total_dc_tail,2026,WC2026_038,2026-06-15,Group G,Group G,Iran,New Zealand,NA,NA,scheduled,NA,0.5455415558025479,0.24539093395272504,0.20906751024472695,A,1.6460845100623216,0.9161067245234801,1,1,1-1,0.12329871759060738,NA,median_complete_bookmakers,8,0.6777387682413857,0.22672296833001587,0.09553826342859853,0.5374719579691343,0.2713385829766934,0.19118945905417226,0.5385623831087399,0.2593492793403409,0.20208833755091907,196.67250990635105,2.751363395773854,0.8700000000000001,-0.06,0,NA,A,0.0014834858807136996
poisson_hybrid_v2_total_dc_tail,2026,WC2026_043,2026-06-15,Group H,Group H,Spain,Cape Verde,NA,NA,scheduled,NA,0.880732850716895,0.0861087336965232,0.033158415586581766,A,3.168206194101485,0.5130147273638918,2,0,2-0,0.11058799051137838,NA,median_complete_bookmakers,8,0.9049680224166364,0.07301566445838346,0.02201631312498007,0.8806269314369931,0.08458984621207162,0.03478322235093518,0.7968014094174873,0.14096586399196526,0.06223272659054736,390.16335534538143,3.6755517126847925,0.8200000000000001,-0.02,0.55,3.2,A,5.172347760822076e-6
poisson_hybrid_v2_total_dc_tail,2026,WC2026_044,2026-06-15,Group H,Group H,Saudi Arabia,Uruguay,NA,NA,scheduled,NA,0.13433106179317253,0.2101191856706385,0.655549752536189,B,0.7313498274041531,1.9219565142396393,0,2,0-2,0.13005913863730523,NA,median_complete_bookmakers,8,0.14849709658756047,0.23488600010982147,0.6166169033026181,0.12656300311032026,0.21974240344275744,0.6536945934469224,0.1283921930691406,0.2219969231187024,0.6496108838121569,-175.89890929339822,2.712232135645163,0.8700000000000001,-0.06,0,NA,B,1.9887215539143377e-4
poisson_hybrid_v2_total_dc_tail,2026,WC2026_049,2026-06-16,Group I,Group I,France,Senegal,NA,NA,scheduled,NA,0.6451219396814456,0.21465213793616122,0.14022592238239315,A,1.8862141593662463,0.742428827208988,1,0,1-0,0.13007559143027675,NA,median_complete_bookmakers,8,0.6269614195837835,0.24348417807105904,0.12955440234515747,0.6436574325589898,0.2218500185162557,0.13449254892475448,0.6390574818550995,0.2267810535888533,0.13416146455604705,154.5519749954101,2.672600606387345,0.8700000000000001,-0.06,0,NA,A,1.1117268386188384e-4
poisson_hybrid_v2_total_dc_tail,2026,WC2026_050,2026-06-16,Group I,Group I,Iraq,Norway,NA,NA,scheduled,NA,0.07519404953771232,0.1723034648606001,0.7525024856016875,B,0.5087378503980973,2.1322431272145086,0,2,0-2,0.16206161733744218,NA,median_complete_bookmakers,8,0.25955102847672673,0.273482396185432,0.46696657533784125,0.09372104852412426,0.1525338397033345,0.7537451117725411,0.06746070264269897,0.18777015865062682,0.7447691387066743,-83.78593576255935,2.5453157385240908,0.8700000000000001,-0.1,0,NA,B,8.627675864562739e-4
poisson_hybrid_v2_total_dc_tail,2026,WC2026_055,2026-06-16,Group J,Group J,Argentina,Algeria,NA,NA,scheduled,NA,0.6852244573879879,0.1983286861746112,0.11644685643740094,A,2.0038894131991927,0.6805688892989532,2,0,2-0,0.13704783221495562,NA,median_complete_bookmakers,8,0.6808714466998994,0.22561312165587735,0.09351543164422331,0.683311340721546,0.21038361854515944,0.10630504073329464,0.6796390898320535,0.20949942128648014,0.11086148888146641,199.5372899397023,2.7568039006393206,0.8700000000000001,-0.06,0,NA,A,3.138183225112111e-4
poisson_hybrid_v2_total_dc_tail,2026,WC2026_056,2026-06-16,Group J,Group J,Austria,Jordan,NA,NA,scheduled,NA,0.694380650571253,0.19591613147213324,0.10970321795661371,A,2.009031935986053,0.6485579344845485,2,0,2-0,0.14150349413631144,NA,median_complete_bookmakers,8,0.5925768456318685,0.2538099408564837,0.15361321351164783,0.6951877852398867,0.19034327657149583,0.11446893818861756,0.6888990126399368,0.2068794073347659,0.10422158002529726,129.58022730487914,2.626973792658149,0.8700000000000001,-0.06,0,NA,A,6.664474014898336e-5
poisson_hybrid_v2_total_dc_tail,2026,WC2026_061,2026-06-17,Group K,Group K,Portugal,DR Congo,NA,NA,scheduled,NA,0.7407182111035236,0.16522434081671497,0.09405744807976127,A,2.3339192166134253,0.6983918031625153,1,0,1-0,0.11496361441204235,NA,median_complete_bookmakers,8,0.746547674495388,0.1994659693627256,0.053986356141886384,0.7398531748237269,0.17285674222042896,0.08729008295584406,0.6921965362311205,0.19112288417192363,0.1166805795969559,270.18563067133505,3.074429840660256,0.8700000000000001,-0.02,0.3,5,A,1.2169047351157028e-4
poisson_hybrid_v2_total_dc_tail,2026,WC2026_062,2026-06-17,Group K,Group K,Uzbekistan,Colombia,NA,NA,scheduled,NA,0.12248423873863505,0.20352956217519128,0.6739861990861736,B,0.6929708739135877,1.9636756673388498,0,2,0-2,0.1353139780043441,NA,median_complete_bookmakers,8,0.15726693697434682,0.2382904990296866,0.6044425639959666,0.11692544164963287,0.21023159846188685,0.6728429598884803,0.116754047313441,0.21498994502557947,0.6682560076609796,-167.38336152395527,2.6963526684624295,0.8700000000000001,-0.06,0,NA,B,9.664111211881507e-5
poisson_hybrid_v2_total_dc_tail,2026,WC2026_067,2026-06-17,Group L,Group L,England,Croatia,NA,NA,scheduled,NA,0.5432076611269161,0.25098171679823517,0.20581062207484874,A,1.593314421536052,0.8733903472178077,1,1,1-1,0.12990512862394787,NA,median_complete_bookmakers,8,0.48621017367210057,0.2827834711440881,0.23100635518381135,0.5412087360918002,0.2574765978916347,0.20131466601656522,0.5313981039792844,0.27460083109349853,0.19400106492721705,62.85638536768806,2.50884518394929,0.8700000000000001,-0.1,0,NA,A,9.178453921055865e-5
poisson_hybrid_v2_total_dc_tail,2026,WC2026_068,2026-06-17,Group L,Group L,Ghana,Panama,NA,NA,scheduled,NA,0.4143771910932298,0.2674810376055758,0.3181417713011945,A,1.3583614303294245,1.1556040676961903,1,1,1-1,0.1346880069510231,NA,median_complete_bookmakers,8,0.20880738758740114,0.25674308877658614,0.5344495236360127,0.4080776433131914,0.28156001617510257,0.310362340511706,0.40675334164317195,0.2827287365056918,0.31051792185113636,-122.61015531252563,2.6143781395866625,0.8700000000000001,-0.06,0,NA,A,4.311861430103284e-4
poisson_hybrid_v2_total_dc_tail,2026,WC2026_003,2026-06-18,Group A,Group A,Czech Republic,South Africa,NA,NA,scheduled,NA,0.5343258668573757,0.2507866055905528,0.21488752755207147,A,1.5955409182842464,0.9108209943587064,1,1,1-1,0.13038706893635038,NA,median_complete_bookmakers,8,0.5231257192312879,0.27307354014683866,0.2038007406218734,0.5323391176716572,0.25699884303337434,0.21066203929496843,0.5224724969540708,0.2744933453971622,0.20303415764876698,84.71597878811167,2.5469486209228687,0.8700000000000001,-0.1,0,NA,A,8.324821617347017e-5
poisson_hybrid_v2_total_dc_tail,2026,WC2026_004,2026-06-18,Group A,Group A,Mexico,South Korea,NA,NA,scheduled,NA,0.4775157245567831,0.2721405066764473,0.2503437687667696,A,1.3959421892671229,0.9293654096924951,1,1,1-1,0.13950133541661214,NA,median_complete_bookmakers,8,0.4195750129872957,0.2999638866022144,0.2804611004104899,0.47121974539813594,0.28912695041841874,0.23965330418344527,0.4648337849734545,0.29750438584310407,0.23766182918344142,25.25819244893455,2.44463644450976,0.8700000000000001,-0.1,0,NA,A,6.569041762322223e-4
poisson_hybrid_v2_total_dc_tail,2026,WC2026_009,2026-06-18,Group B,Group B,Switzerland,Bosnia & Herzegovina,NA,NA,scheduled,NA,0.6117444914508388,0.22350958909949645,0.16474591944966477,A,1.834487485455441,0.8288855477344665,1,0,1-0,0.12152682815777092,NA,median_complete_bookmakers,5,0.6758125663505427,0.22740037939311328,0.09678705425634407,0.6085555425309804,0.2365542734688556,0.154890184000164,0.6053842677070229,0.23623003658712768,0.15838569570584934,194.92881952619248,2.7480572104276075,0.8400000000000001,-0.06,0,NA,A,3.629351271367908e-4
poisson_hybrid_v2_total_dc_tail,2026,WC2026_010,2026-06-18,Group B,Group B,Canada,Qatar,NA,NA,scheduled,NA,0.7357764911192847,0.17795642132523687,0.08626708755547843,A,2.1217049375015162,0.5681384713827259,2,0,2-0,0.15281148717259527,NA,median_complete_bookmakers,5,0.6358327301757057,0.240702219056476,0.12346505076781816,0.7358555734888574,0.17709426137154183,0.08705016513960068,0.73086620883465,0.1877769858945059,0.08135680527084409,161.40151778996142,2.685253580135127,0.8700000000000001,-0.06,0,NA,A,1.625729278033896e-6
poisson_hybrid_v2_total_dc_tail,2026,WC2026_015,2026-06-19,Group C,Group C,Scotland,Morocco,NA,NA,scheduled,NA,0.2339959633554562,0.25595106529778927,0.5100529713467545,B,0.9564698573346035,1.544523193161971,1,1,1-1,0.12841155679269195,NA,median_complete_bookmakers,8,0.1745424662720027,0.24473221700577238,0.5807253167222249,0.2190632399120353,0.27876875944747803,0.5021680006404867,0.22672738466907735,0.2704882226705468,0.5027843926603759,-151.4964039747333,2.666975380924889,0.8700000000000001,-0.06,0,NA,B,0.0011544068242361621
poisson_hybrid_v2_total_dc_tail,2026,WC2026_016,2026-06-19,Group C,Group C,Brazil,Haiti,NA,NA,scheduled,NA,0.8755481653205649,0.09450389808342118,0.029947936596014062,A,2.883733502590102,0.39531621212600065,2,0,2-0,0.13882268832663505,NA,median_complete_bookmakers,8,0.8327176563418762,0.1336501086573083,0.03363223500081544,0.8753354540718541,0.09233936145758335,0.032325184470562485,0.8210723664749193,0.1339187111054104,0.04500892241967022,334.3361640615101,3.270688232200349,0.8700000000000001,-0.02,0.3,5,A,1.096998014428349e-5
poisson_hybrid_v2_total_dc_tail,2026,WC2026_021,2026-06-19,Group D,Group D,USA,Australia,NA,NA,scheduled,NA,0.5800377673515823,0.24206786418476361,0.17789436846365406,A,1.6642979751093725,0.7981296558069255,1,0,1-0,0.13052342865900163,NA,median_complete_bookmakers,8,0.4040967268931589,0.30395758631918823,0.29194568678765287,0.58147446328722,0.23668060425596524,0.1818449324568149,0.5687167407239805,0.2647099174399672,0.16657334183605227,16.69855509103968,2.430249799374756,0.8400000000000001,-0.1,0,NA,A,6.247170320395537e-5
poisson_hybrid_v2_total_dc_tail,2026,WC2026_022,2026-06-19,Group D,Group D,Turkey,Paraguay,NA,NA,scheduled,NA,0.48276614451891003,0.2693379528372131,0.24789590264387687,A,1.4206493775200244,0.9352058937039385,1,1,1-1,0.13856446937271516,NA,median_complete_bookmakers,8,0.4998254790054379,0.2792297138366706,0.22094480715789153,0.4743890769765892,0.29218221573994363,0.23342870728346707,0.4701693745759358,0.2945314927231613,0.23529913270090297,70.80252637646277,2.5226296970562694,0.8700000000000001,-0.1,0,NA,A,0.0011946991669121421
poisson_hybrid_v2_total_dc_tail,2026,WC2026_027,2026-06-20,Group E,Group E,Germany,Ivory Coast,NA,NA,scheduled,NA,0.6133508286319724,0.22279057488408985,0.16385859648393766,A,1.8408874131901185,0.8281813863480253,1,0,1-0,0.1212635583593647,NA,median_complete_bookmakers,8,0.6306623803608651,0.242330141212449,0.12700747842668597,0.6130036806878656,0.22421885353839288,0.1627774657737415,0.6070100567653381,0.23547211861735917,0.15751782461730282,157.38686604348322,2.6778301757183156,0.8400000000000001,-0.06,0,NA,A,4.292767300260528e-6
poisson_hybrid_v2_total_dc_tail,2026,WC2026_028,2026-06-20,Group E,Group E,Ecuador,Curaçao,NA,NA,scheduled,NA,0.7892746105718892,0.14009810235791445,0.07062728707019625,A,2.5603287541165582,0.6360607352999136,2,0,2-0,0.11526234334681662,NA,median_complete_bookmakers,8,0.8169067935147117,0.14718594049334685,0.03590726599194138,0.7888624884860385,0.14737699282094097,0.0637605186930206,0.736835354587137,0.17046716061220146,0.09269748480066169,325.01621990809326,3.233127909999594,0.8400000000000001,-0.02,0.3,5,A,1.1192544368955897e-4
poisson_hybrid_v2_total_dc_tail,2026,WC2026_033,2026-06-20,Group F,Group F,Netherlands,Sweden,NA,NA,scheduled,NA,0.5873966900268345,0.23122822868372517,0.1813750812894403,A,1.7727980798577794,0.8697365292366913,1,0,1-0,0.11960381834107979,NA,median_complete_bookmakers,8,0.6367234082246445,0.2404198820842704,0.12285670969108513,0.5855408618679404,0.23809456681863883,0.17636457131342076,0.580811625147618,0.24439835844215818,0.1747900164102239,162.0996780455,2.686546631884951,0.8400000000000001,-0.06,0,NA,A,9.985031594895427e-5
poisson_hybrid_v2_total_dc_tail,2026,WC2026_034,2026-06-20,Group F,Group F,Tunisia,Japan,NA,NA,scheduled,NA,0.1886677692279827,0.2376088846432052,0.573723346128812,B,0.8691853166986648,1.7138734042951782,0,1,0-1,0.12271840668857048,NA,median_complete_bookmakers,8,0.13617868799096375,0.22991760158060334,0.6339037104284329,0.1729529938120581,0.2594840101658931,0.5675629960220487,0.1819157411787405,0.25111294074168894,0.5669713180795706,-188.48125306741167,2.735866543639871,0.8700000000000001,-0.06,0,NA,B,0.001044190777913652
poisson_hybrid_v2_total_dc_tail,2026,WC2026_039,2026-06-21,Group G,Group G,Belgium,Iran,NA,NA,scheduled,NA,0.6437521646806853,0.22052138887292416,0.13572644644639048,A,1.8173850401443576,0.6900004556633452,1,0,1-0,0.13786466008986992,NA,median_complete_bookmakers,8,0.45490173761279734,0.2908776415938651,0.25422062079333757,0.644753752681142,0.21540867055374857,0.13983757676510933,0.6335344758581601,0.24095676651797449,0.12550875762386543,44.97992194478388,2.478108825716033,0.8700000000000001,-0.1,0,NA,A,5.660606420870481e-5
poisson_hybrid_v2_total_dc_tail,2026,WC2026_040,2026-06-21,Group G,Group G,New Zealand,Egypt,NA,NA,scheduled,NA,0.20965126756203384,0.24821650191626599,0.5421322305217001,B,0.9032939552780166,1.6192591649648789,1,1,1-1,0.12912408611137716,NA,median_complete_bookmakers,8,0.2126879807594387,0.2580562152477698,0.5292558039927916,0.20086474794685721,0.26099380769133257,0.5381414443618102,0.19791271427918136,0.2716936084819709,0.5303936772388477,-119.5066700333607,2.6087892644099897,0.8400000000000001,-0.1,0,NA,B,3.5473178046977296e-4
poisson_hybrid_v2_total_dc_tail,2026,WC2026_045,2026-06-21,Group H,Group H,Spain,Saudi Arabia,NA,NA,scheduled,NA,0.8524906401585268,0.10700727012373855,0.040502089717734696,A,2.812195928593109,0.47951623119544995,2,0,2-0,0.12933565084596635,NA,median_complete_bookmakers,8,0.8419152942238107,0.1258151512283453,0.03226955454784397,0.8525171513123072,0.10758822745800144,0.03989462122969142,0.7976566742601253,0.14396087378939595,0.05838245195047867,340.1011452943203,3.2941526441760436,0.8700000000000001,-0.02,0.3,5,A,7.566299760343865e-7
poisson_hybrid_v2_total_dc_tail,2026,WC2026_046,2026-06-21,Group H,Group H,Uruguay,Cape Verde,NA,NA,scheduled,NA,0.6646213984981146,0.19827443837177924,0.13710416313010607,A,2.068167642548752,0.8143521458598991,1,0,1-0,0.11292708741433821,NA,median_complete_bookmakers,8,0.7079487915589737,0.2155582621023048,0.07649294633872154,0.6613347274172716,0.21485644944079507,0.12380882314193342,0.6232737943652332,0.2168754171964006,0.15985078843836611,225.96111934445935,2.9874954032834222,0.8400000000000001,-0.02,0.3,5,A,5.73654597314004e-4
poisson_hybrid_v2_total_dc_tail,2026,WC2026_051,2026-06-22,Group I,Group I,France,Iraq,NA,NA,scheduled,NA,0.8343334681417686,0.12114952573088639,0.044517006127345,A,2.6020010195978402,0.4508264047626125,2,0,2-0,0.13786969994327283,NA,median_complete_bookmakers,8,0.7369547795764428,0.20369195374398927,0.05935326667956782,0.8343184709238304,0.12070419858816354,0.04497733048800613,0.7807503987864091,0.15786620120815698,0.061383400005433866,258.32332459986446,3.0508506936916615,0.8700000000000001,-0.02,0.3,5,A,4.4822262484695075e-7
poisson_hybrid_v2_total_dc_tail,2026,WC2026_052,2026-06-22,Group I,Group I,Norway,Senegal,NA,NA,scheduled,NA,0.43109584319456107,0.27288150918336607,0.29602264762207287,A,1.3425332931442235,1.062851072985168,1,1,1-1,0.14162665856642195,NA,median_complete_bookmakers,8,0.34739444932551033,0.30242048216200357,0.35018506851248604,0.4291589218527439,0.2774410584356697,0.29340001971158647,0.4182206924157955,0.2986318107408974,0.28314749684330714,-19.985413841895024,2.4357641597717348,0.8400000000000001,-0.1,0,NA,A,4.541977056797521e-5
poisson_hybrid_v2_total_dc_tail,2026,WC2026_057,2026-06-22,Group J,Group J,Argentina,Austria,NA,NA,scheduled,NA,0.5997456799017473,0.22713297488957856,0.17312134520867403,A,1.8069247402245914,0.8517833565825373,1,0,1-0,0.12008674679820767,NA,median_complete_bookmakers,8,0.6921152387912584,0.2215426131751357,0.08634214803360596,0.5952055436870349,0.24475661134431317,0.16003784496865198,0.5932778552416923,0.24006862420968855,0.1666535205486191,210.1307295034901,2.7770155141767536,0.8700000000000001,-0.06,0,NA,A,6.657298817295478e-4
poisson_hybrid_v2_total_dc_tail,2026,WC2026_058,2026-06-22,Group J,Group J,Jordan,Algeria,NA,NA,scheduled,NA,0.15611145092697187,0.2246084340629851,0.619280115010043,B,0.7783435817314259,1.8105713474307656,0,1,0-1,0.1296264172608797,NA,median_complete_bookmakers,8,0.18755455364495938,0.2493945433256263,0.5630509030294144,0.14910690243880376,0.23371506202632306,0.6171780355348733,0.1497612596979486,0.23730881652103195,0.6129299237810195,-140.17366686866694,2.6462335517791575,0.8400000000000001,-0.06,0,NA,B,1.7863888825607065e-4
poisson_hybrid_v2_total_dc_tail,2026,WC2026_063,2026-06-23,Group K,Group K,Portugal,Uzbekistan,NA,NA,scheduled,NA,0.7418618567681886,0.173190062963534,0.08494808026827738,A,2.173318147694679,0.5801299122673664,2,0,2-0,0.15045601154732588,NA,median_complete_bookmakers,8,0.664406905042917,0.2313370536602526,0.10425604129683036,0.7422773696552211,0.16851152681065087,0.08921110353412803,0.7370424593207435,0.18282885785842415,0.08012868282083238,184.8673225016153,2.7290572097914048,0.8700000000000001,-0.06,0,NA,A,4.742376227259995e-5
poisson_hybrid_v2_total_dc_tail,2026,WC2026_064,2026-06-23,Group K,Group K,Colombia,DR Congo,NA,NA,scheduled,NA,0.664343969989889,0.19822037856914249,0.13743565144096845,A,2.069835032321194,0.8168358304028461,1,0,1-0,0.11257271241640894,NA,median_complete_bookmakers,5,0.732221765825156,0.20571782730505223,0.062060406869791876,0.6596898733986065,0.22163058268535615,0.11867954391603745,0.6230116811066934,0.21675763517301216,0.1602306837202946,252.70166969367503,3.039743502826053,0.8700000000000001,-0.02,0.3,5,A,0.001149715136331142
poisson_hybrid_v2_total_dc_tail,2026,WC2026_069,2026-06-23,Group L,Group L,England,Ghana,NA,NA,scheduled,NA,0.7321810479069616,0.16496803237407767,0.10285091971896078,A,2.391477002501203,0.7767110437145934,1,0,1-0,0.10377295587651807,NA,median_complete_bookmakers,8,0.8223987299691528,0.14247484077833256,0.0351264292525147,0.7303618008683842,0.17847825558359637,0.09115994354801946,0.6838315966841606,0.1888173690553671,0.1273510342604722,328.17552175470746,3.2458087977929666,0.8400000000000001,-0.02,0.3,5,A,3.739844969777109e-4
poisson_hybrid_v2_total_dc_tail,2026,WC2026_070,2026-06-23,Group L,Group L,Panama,Croatia,NA,NA,scheduled,NA,0.16570767217876775,0.23067805041770972,0.6036142774035226,B,0.7963560763707312,1.7621122777558804,0,1,0-1,0.1299097021608885,NA,median_complete_bookmakers,8,0.18459212575494435,0.248345451668286,0.5670624225767696,0.1550497159907106,0.24482510211973543,0.600125181889554,0.15918893518828986,0.24371552439866556,0.5970955404130446,-142.70898107449375,2.6508638672388054,0.8400000000000001,-0.06,0,NA,B,4.352424605117715e-4
poisson_hybrid_v2_total_dc_tail,2026,WC2026_005,2026-06-24,Group A,Group A,Czech Republic,Mexico,NA,NA,scheduled,NA,0.2192491499598366,0.25217221041552706,0.5285786396246364,B,0.9206929922572042,1.5825074735593518,1,1,1-1,0.1311375752805939,NA,median_complete_bookmakers,5,0.21652350383414928,0.2593468480124661,0.5241296481533847,0.2094101107029622,0.2667663040760071,0.5238235852210308,0.20732755220705534,0.27601540592108964,0.516657041871855,-116.46636759247554,2.6033257566902357,0.8700000000000001,-0.1,0,NA,B,4.6553392543102957e-4
poisson_hybrid_v2_total_dc_tail,2026,WC2026_006,2026-06-24,Group A,Group A,South Africa,South Korea,NA,NA,scheduled,NA,0.17429317144922235,0.22874512940530273,0.5969616991454749,B,0.8487823787152731,1.7913841493442377,0,1,0-1,0.12130498357809806,NA,median_complete_bookmakers,5,0.1484716151921751,0.23487595764104585,0.616652427166779,0.16607524030696721,0.23984340911900287,0.5940813505740299,0.16778398661532756,0.24176349907309216,0.5904525143115803,-175.92415393165265,2.7122793496375475,0.8400000000000001,-0.06,0,NA,B,2.626233433307497e-4
poisson_hybrid_v2_total_dc_tail,2026,WC2026_011,2026-06-24,Group B,Group B,Switzerland,Canada,NA,NA,scheduled,NA,0.4506673137506951,0.27228093176137874,0.2770517544879263,A,1.3701690324929474,1.0113982098686753,1,1,1-1,0.14085994129107052,NA,median_complete_bookmakers,2,0.44760706498193875,0.2927544968490315,0.2596384381690298,0.4454748762746904,0.28517618022510094,0.26934894350020866,0.4378618645424159,0.2978918301779371,0.26424630527964704,40.877104886496454,2.4711078387326846,0.78,-0.1,0,NA,A,3.707499173669395e-4
poisson_hybrid_v2_total_dc_tail,2026,WC2026_012,2026-06-24,Group B,Group B,Bosnia & Herzegovina,Qatar,NA,NA,scheduled,NA,0.5580419581752074,0.2518872837424844,0.19007075808230814,A,1.582306200400307,0.804854658939398,1,0,1-0,0.1336959790100858,NA,median_complete_bookmakers,2,0.3871581908892875,0.3083534756100609,0.30448833350065163,0.5567965700717115,0.2562385760601329,0.1869648538681557,0.5463394969745974,0.2752922061437045,0.17836829688169822,7.349803150265416,2.414633562095456,0.78,-0.1,0,NA,A,4.178183051592503e-5
poisson_hybrid_v2_total_dc_tail,2026,WC2026_017,2026-06-24,Group C,Group C,Scotland,Brazil,NA,NA,scheduled,NA,0.1402264496671516,0.20730918622340572,0.6524643641094426,B,0.781103196832614,1.9675423505598777,0,2,0-2,0.12390723440629507,NA,median_complete_bookmakers,5,0.1093938666604714,0.21813499706655143,0.6724711362729772,0.13428309723282372,0.2147697665191295,0.6509471362480469,0.13432359302706517,0.2191148995035782,0.6465615074693566,-219.1065551412269,2.794256748104106,0.8400000000000001,-0.06,0,NA,B,1.1726588252496138e-4
poisson_hybrid_v2_total_dc_tail,2026,WC2026_018,2026-06-24,Group C,Group C,Morocco,Haiti,NA,NA,scheduled,NA,0.7115770289856302,0.17765668918297103,0.11076628183139864,A,2.2435807306077162,0.7564314018549874,1,0,1-0,0.11219462392535547,NA,median_complete_bookmakers,5,0.7438039641433966,0.20069162872569013,0.05550440713091327,0.7098569722009737,0.18919112525972007,0.10095190253930628,0.6655657033891584,0.2004572377240898,0.13397705888675185,266.72601289501654,3.0675330958270983,0.8700000000000001,-0.02,0.3,5,A,2.7592935030284387e-4
poisson_hybrid_v2_total_dc_tail,2026,WC2026_023,2026-06-25,Group D,Group D,Turkey,USA,NA,NA,scheduled,NA,0.3527819769510232,0.2748421789448982,0.37237584410407865,B,1.1923708469272856,1.232947702696059,1,1,1-1,0.14303628688628492,NA,median_complete_bookmakers,5,0.3897294695377434,0.3076839582737239,0.30258657218853274,0.35343471740354304,0.27356425548467506,0.37300102711178196,0.3397786781431793,0.30084877656058634,0.35937254529623436,8.768847632408551,2.4169974706780564,0.8700000000000001,-0.1,0,NA,B,3.5167297182462394e-6
poisson_hybrid_v2_total_dc_tail,2026,WC2026_024,2026-06-25,Group D,Group D,Paraguay,Australia,NA,NA,scheduled,NA,0.43152660630994405,0.27402147735638127,0.2944519163336748,A,1.3350036722876821,1.0520796528129948,1,1,1-1,0.14197983003096723,NA,median_complete_bookmakers,5,0.3126074651321425,0.29071548686050247,0.3966770480073551,0.4259762737050303,0.2871282886393684,0.2868954376556013,0.4186193490344016,0.299835991907466,0.28154465905813225,-45.335123653014534,2.4787158688397932,0.8400000000000001,-0.1,0,NA,A,3.8269035970817886e-4
poisson_hybrid_v2_total_dc_tail,2026,WC2026_029,2026-06-25,Group E,Group E,Curaçao,Ivory Coast,NA,NA,scheduled,NA,0.08229644214891198,0.15940181577392917,0.7583017420771588,B,0.6302701111086452,2.3445296126166246,0,1,0-1,0.12273001871542966,NA,median_complete_bookmakers,5,0.10163962625654284,0.2143969105773171,0.6839634631661401,0.07904374082480643,0.16295391680663218,0.7580023423685615,0.10346892333731039,0.18782705363147414,0.7087040230312154,-229.06993385327928,2.993520310788649,0.8400000000000001,-0.02,0.3,5,B,2.6806919988308733e-5
poisson_hybrid_v2_total_dc_tail,2026,WC2026_030,2026-06-25,Group E,Group E,Ecuador,Germany,NA,NA,scheduled,NA,0.21679225668848312,0.2523088038617306,0.5308989394497863,B,0.9103378662605828,1.5814361996909956,1,1,1-1,0.13106394865748147,NA,median_complete_bookmakers,5,0.2902606712530222,0.2834195306584216,0.4263197980885562,0.21524559167893736,0.25459222973594275,0.5301621785851198,0.20487735226507572,0.2761386127085454,0.5189840350263789,-61.44057998866924,2.506397043228191,0.8700000000000001,-0.1,0,NA,B,1.121249822901052e-5
poisson_hybrid_v2_total_dc_tail,2026,WC2026_035,2026-06-25,Group F,Group F,Japan,Sweden,NA,NA,scheduled,NA,0.4802252997206193,0.2585315763525679,0.2612431239268128,A,1.505932845111473,1.0385869151760723,1,1,1-1,0.1301617653498356,NA,median_complete_bookmakers,5,0.6229111824883564,0.24473677680888337,0.13235204070276016,0.4737228421268283,0.2756690131878269,0.2506081446853449,0.47285765262534535,0.2732668705431153,0.25387547683153927,151.4852595729708,2.6669548860611747,0.8700000000000001,-0.06,0,NA,A,6.387572190849355e-4
poisson_hybrid_v2_total_dc_tail,2026,WC2026_036,2026-06-25,Group F,Group F,Tunisia,Netherlands,NA,NA,scheduled,NA,0.14972717126652094,0.2137644893018354,0.6365083394316436,B,0.8007784843327986,1.9152637659611778,0,2,0-2,0.12130119599221811,NA,median_complete_bookmakers,5,0.12638393398987083,0.2257839580760325,0.6478321079340966,0.1446789968476688,0.22023427425814185,0.6350867288941895,0.14364119671195144,0.22593643841097413,0.6304223648770744,-199.0956715399409,2.7559645221287115,0.8700000000000001,-0.06,0,NA,B,8.824854023146687e-5
poisson_hybrid_v2_total_dc_tail,2026,WC2026_041,2026-06-26,Group G,Group G,Egypt,Iran,NA,NA,scheduled,NA,0.412539537793116,0.2800407396141605,0.3074197225927236,A,1.2679347403219101,1.0538470241288462,1,1,1-1,0.14418834333552635,NA,median_complete_bookmakers,5,0.2685783243320964,0.27640365806157335,0.4550180176063302,0.4003882767820964,0.30760080921473787,0.2920109140031658,0.3994315065807953,0.30625680203880157,0.29431169138040303,-77.16583987299032,2.533723001290464,0.8700000000000001,-0.1,0,NA,A,0.0017743731038478545
poisson_hybrid_v2_total_dc_tail,2026,WC2026_042,2026-06-26,Group G,Group G,New Zealand,Belgium,NA,NA,scheduled,NA,0.09959114894940191,0.17095642718323678,0.7294524238673613,B,0.7092397303267736,2.2820236611694966,0,1,0-1,0.11600536921144962,NA,median_complete_bookmakers,5,0.09249535648921438,0.20974304112563738,0.6977616023851483,0.09537315253542196,0.17577892456085575,0.7288479229037224,0.12215260329638992,0.19587508769969217,0.6819723090039179,-241.6524318511349,3.018037646397408,0.8700000000000001,-0.02,0.3,5,B,4.849657143907893e-5
poisson_hybrid_v2_total_dc_tail,2026,WC2026_047,2026-06-26,Group H,Group H,Cape Verde,Saudi Arabia,NA,NA,scheduled,NA,0.3653257269426567,0.27166361221627644,0.3630106608410669,A,1.2397813806118159,1.2349455525383322,1,1,1-1,0.1417833895817566,NA,median_complete_bookmakers,5,0.3060498188601106,0.2885625926031975,0.4053875885366918,0.3644140202954427,0.2734767267961208,0.36210925290843654,0.3524363278897697,0.2974424103220504,0.35012126178818004,-50.06221005106113,2.4868086766977977,0.8400000000000001,-0.1,0,NA,A,7.055435319024976e-6
poisson_hybrid_v2_total_dc_tail,2026,WC2026_048,2026-06-26,Group H,Group H,Uruguay,Spain,NA,NA,scheduled,NA,0.1833266706068414,0.23175902738558424,0.5849143020075743,B,0.8761678380437149,1.769068976687498,0,1,0-1,0.11898169110902256,NA,median_complete_bookmakers,5,0.1606316930345645,0.23957097279772752,0.599797334167708,0.17821509832358096,0.23879181194371862,0.5829930897327004,0.17672473027568406,0.2449629080478987,0.5783123616764173,-164.20223600092208,2.690444509160771,0.8700000000000001,-0.06,0,NA,B,1.0469013389584626e-4
poisson_hybrid_v2_total_dc_tail,2026,WC2026_053,2026-06-26,Group I,Group I,Norway,France,NA,NA,scheduled,NA,0.22317270733201502,0.24563801009774686,0.5311892825702381,B,0.972857270065023,1.644883320174461,1,1,1-1,0.12377125857167669,NA,median_complete_bookmakers,5,0.14987593023548293,0.2354280618534336,0.6146960079110836,0.21419025966577854,0.2590321376185151,0.5267776027157064,0.21616678703550507,0.2596498506907669,0.524183362273728,-174.53738883730512,2.7096869579281067,0.8700000000000001,-0.06,0,NA,B,3.8317705569857613e-4
poisson_hybrid_v2_total_dc_tail,2026,WC2026_054,2026-06-26,Group I,Group I,Senegal,Iraq,NA,NA,scheduled,NA,0.6580206644075282,0.21320740871648422,0.12877192687598768,A,1.876472335337439,0.6844329575763346,2,0,2-0,0.13597759105393187,NA,median_complete_bookmakers,5,0.5537597139075479,0.26478112614836846,0.18145915994408365,0.6574093235556447,0.2165523875207832,0.126038288923572,0.6481012488044823,0.2330462399225756,0.11885251127294212,103.77134960445436,2.5806358211565414,0.8700000000000001,-0.1,0,NA,A,2.4296375372602067e-5
poisson_hybrid_v2_total_dc_tail,2026,WC2026_059,2026-06-27,Group J,Group J,Algeria,Austria,NA,NA,scheduled,NA,0.2974441222098628,0.2822644793516184,0.4202913984385187,B,1.0161885330245195,1.2646794598249476,1,1,1-1,0.14447046058512117,NA,median_complete_bookmakers,5,0.39303589947242146,0.3068242884204587,0.3001398121071198,0.2864720058964181,0.3015279883836951,0.4120000057198868,0.28431044397485195,0.30853183582164045,0.4071577202035077,10.593439563787795,2.420040359729074,0.8400000000000001,-0.1,0,NA,B,8.578655493451607e-4
poisson_hybrid_v2_total_dc_tail,2026,WC2026_060,2026-06-27,Group J,Group J,Jordan,Argentina,NA,NA,scheduled,NA,0.0671890534704943,0.13396974690076985,0.7988411996287358,B,0.6401625427742799,2.636550986881397,0,2,0-2,0.11348370364465114,NA,median_complete_bookmakers,5,0.04508859725866799,0.12633278922119925,0.8285786135201327,0.06410037128063989,0.13721495903107928,0.7986846696882808,0.08956201778686287,0.16488408987746064,0.7455538923356766,-339.71095680836925,3.2925589081601094,0.8700000000000001,-0.02,0.3,5,B,2.2180259013304763e-5
poisson_hybrid_v2_total_dc_tail,2026,WC2026_065,2026-06-27,Group K,Group K,Colombia,Portugal,NA,NA,scheduled,NA,0.2882330036375173,0.2761007987380107,0.435666197624472,B,1.0233478413219033,1.32573123310686,1,1,1-1,0.1424555494772299,NA,median_complete_bookmakers,5,0.350766418862282,0.3035898900444916,0.34564369109322646,0.28127595254123156,0.28803714885754617,0.4306868986012222,0.2752824991395873,0.3020018077338707,0.4227156931265419,-17.48396097765999,2.431566338023617,0.8700000000000001,-0.1,0,NA,B,3.192428371727254e-4
poisson_hybrid_v2_total_dc_tail,2026,WC2026_066,2026-06-27,Group K,Group K,DR Congo,Uzbekistan,NA,NA,scheduled,NA,0.39445000102829797,0.27364941776431156,0.33190058120739047,A,1.281643329093557,1.15183517228508,1,1,1-1,0.1424636011802526,NA,median_complete_bookmakers,5,0.25747293028923507,0.2728089539446641,0.46971811576610084,0.3870314973243273,0.28958642579076616,0.32338207688490644,0.3814987645573659,0.2995518907061758,0.31894934473645836,-85.31830816971978,2.548006693265722,0.8700000000000001,-0.1,0,NA,A,5.634176102507511e-4
poisson_hybrid_v2_total_dc_tail,2026,WC2026_071,2026-06-27,Group L,Group L,Panama,England,NA,NA,scheduled,NA,0.10276297411806426,0.1837246215907871,0.7135124042911486,B,0.6613373552119074,2.12676866121844,0,2,0-2,0.13917192328546368,NA,median_complete_bookmakers,5,0.12068122727497828,0.2232903742531063,0.6560283984719155,0.10592553771737998,0.1800873621361361,0.713987100146484,0.09756976660036651,0.1941110366261826,0.708319196773451,-205.5653664421818,2.7682869834576316,0.8400000000000001,-0.06,0,NA,B,2.806981964481403e-5
poisson_hybrid_v2_total_dc_tail,2026,WC2026_072,2026-06-27,Group L,Group L,Croatia,Ghana,NA,NA,scheduled,NA,0.6076885721174832,0.21615147493374953,0.17615995294876735,A,1.9345159595784294,0.9336852047223321,1,0,1-0,0.10783056402205708,NA,median_complete_bookmakers,5,0.7426756330554055,0.20119166180745468,0.05613270513713976,0.6004442097192753,0.2438381510813044,0.15571763919942044,0.6056366592590521,0.2202553006506118,0.17410804009033612,265.3191363870194,3.0647331911733544,0.8700000000000001,-0.02,0,NA,A,0.0016070250594641528
