model,year,match_id,date,stage,group,team_a,team_b,score_a,score_b,score_status,actual_result,pred_p_a,pred_p_d,pred_p_b,pred_result,lambda_a,lambda_b,pred_score_a,pred_score_b,pred_score,pred_score_probability,observed_score_probability,odds_aggregate_method,n_bookmakers,rating_p_a,rating_p_d,rating_p_b,hybrid_p_a,hybrid_p_d,hybrid_p_b,model_elo_diff,total_goals_prior,poisson_fit_sse
poisson_hybrid_odds_ratings,2022,WC2022_001,2022-11-20,Group A,Group A,Qatar,Ecuador,0,2,final,B,0.2828161344026406,0.2866092098690923,0.4305746557282671,B,0.9558983697687466,1.2510004587777404,0,1,0-1,0.13766181322526552,0.08610749575049141,football_data_market_average,1,0.301458352657455,0.2977111708911508,0.40083047645139414,0.272411230113501,0.3044005039208076,0.42318826596569137,-50.48192647530868,2.4592380182019355,0.001005778086730818
poisson_hybrid_odds_ratings,2022,WC2022_002,2022-11-21,Group A,Group A,Senegal,Netherlands,0,2,final,B,0.17366949596448766,0.23698542398088807,0.5893450800546244,B,0.8032739696328828,1.7087175258436615,0,1,0-1,0.13858819192138286,0.1184040362055259,football_data_market_average,1,0.15644185931288432,0.2220152991122554,0.6215428415748603,0.16122125776861712,0.2537990329768135,0.5849797092545693,-171.03519571300194,2.7310012489447475,7.78265953816815e-4
poisson_hybrid_odds_ratings,2022,WC2022_007,2022-11-21,Group B,Group B,England,Iran,6,2,final,A,0.6601421537827892,0.21734904096733768,0.12250880524987316,A,1.8216763200412323,0.6315153719909816,1,0,1-0,0.1566980521893473,8.706127510737414e-4,football_data_market_average,1,0.5092167174344805,0.27936830919700206,0.21141497336851742,0.6591221763426572,0.22330173223685496,0.11757609142048776,77.7083966701573,2.5181487113868686,9.407706112015757e-5
poisson_hybrid_odds_ratings,2022,WC2022_008,2022-11-21,Group B,Group B,USA,Wales,1,1,final,D,0.42356577189167754,0.2841549135553693,0.2922793145529532,A,1.25716665006601,0.993023125098555,1,0,1-0,0.13247924640546074,0.13155495527625213,football_data_market_average,1,0.5139525171680563,0.2776510754862112,0.20839640734573253,0.41552353121819535,0.3030680839951378,0.2814083847866668,80.311726070757,2.5238550006886724,0.0011284315959930475
poisson_hybrid_odds_ratings,2022,WC2022_013,2022-11-22,Group C,Group C,Argentina,Saudi Arabia,1,2,final,B,0.8449409129479527,0.11581285948132254,0.039246227570724726,A,2.6248795436120838,0.41298195669573995,2,0,2-0,0.1651438003793235,0.010730378749800032,football_data_market_average,1,0.793542994437979,0.16015834677179588,0.04629865879022515,0.8449467149781369,0.11592201173987687,0.03913127328198623,293.8275425698182,3.038706234557574,2.9026328976928156e-8
poisson_hybrid_odds_ratings,2022,WC2022_014,2022-11-22,Group C,Group C,Mexico,Poland,0,0,final,D,0.39580871487392805,0.29301579932366767,0.3111754858024043,A,1.1644673755995014,0.9973584529339774,1,0,1-0,0.13404736995344663,0.11511474925129196,football_data_market_average,1,0.4020384219379236,0.31839822463572653,0.27956335342634986,0.3882532634660405,0.3097568553879174,0.3019898811460421,20.90919216096313,2.3968110407109813,9.023228160465731e-4
poisson_hybrid_odds_ratings,2022,WC2022_019,2022-11-22,Group D,Group D,Denmark,Tunisia,0,0,final,D,0.6042783900857744,0.23556478478031137,0.16015682513391405,A,1.7091954475311868,0.7463287411126054,1,0,1-0,0.14668007457372326,0.08581819872361136,football_data_market_average,1,0.5877803913495524,0.2504472850787596,0.16177232357168808,0.6011134306663298,0.24882899713679335,0.1500575721968769,122.98553472824688,2.619257398355835,4.8333439779925673e-4
poisson_hybrid_odds_ratings,2022,WC2022_020,2022-11-22,Group D,Group D,France,Australia,4,1,final,A,0.7617430350422214,0.1638199838437385,0.07443698111404007,A,2.2325180922286423,0.539563598402163,2,0,2-0,0.1558332746224645,0.03492300188018357,football_data_market_average,1,0.6605713262211095,0.2219764133189553,0.11745226045993525,0.7620226077701082,0.15927218403629312,0.07870520819359872,171.1037814277272,2.731164111108202,5.020102699089512e-5
poisson_hybrid_odds_ratings,2022,WC2022_025,2022-11-23,Group E,Group E,Germany,Japan,1,2,final,B,0.6398897928726044,0.218007530795552,0.14210267633184367,A,1.854754959605217,0.7363094262089058,1,0,1-0,0.1389957675315711,0.037678386873419914,football_data_market_average,1,0.5166689478357555,0.2766652603012855,0.20666579186295897,0.6411943420905113,0.21170075908251235,0.14710489882697642,81.81070102307376,2.5271464979579292,9.848501089143295e-5
poisson_hybrid_odds_ratings,2022,WC2022_026,2022-11-23,Group E,Group E,Spain,Costa Rica,7,0,final,A,0.8115967736155201,0.135819087945134,0.05258413843934594,A,2.4543472074306676,0.4681891989465266,2,0,2-0,0.16203191747017995,0.005726378289639226,football_data_market_average,1,0.7310663647931722,0.19139476919889492,0.07753886600793292,0.8115647707707029,0.12933546134347143,0.05909976788582555,228.0042771460935,2.869681001086342,1.0145404152283874e-4
poisson_hybrid_odds_ratings,2022,WC2022_031,2022-11-23,Group F,Group F,Morocco,Croatia,0,0,final,D,0.2853468791923058,0.27929142708214255,0.4353616937255515,B,0.9986265453739075,1.303713995801134,0,1,0-1,0.13040328604181403,0.10002445817242381,football_data_market_average,1,0.2823390870469015,0.2875285838827604,0.4301323290703381,0.27716453077687997,0.29328108757909827,0.4295543816440218,-65.46856165663121,2.491492417482492,5.84571830885087e-4
poisson_hybrid_odds_ratings,2022,WC2022_032,2022-11-23,Group F,Group F,Belgium,Canada,1,0,final,A,0.6221439455997052,0.21919721983518384,0.15865883456511098,A,1.871621239123302,0.8202574706628974,1,0,1-0,0.12680894672114817,0.12680894672114817,football_data_market_average,1,0.680273949142085,0.2138016864593528,0.10592436439856213,0.6206322020968804,0.22564171644126663,0.15372608146185307,185.71813708735223,2.7660895031423243,1.0413811693490413e-4
poisson_hybrid_odds_ratings,2022,WC2022_037,2022-11-24,Group G,Group G,Switzerland,Cameroon,1,0,final,A,0.5473905568594376,0.2551769278322709,0.19743251530829148,A,1.555445293659059,0.8196671859204785,1,0,1-0,0.1446626769726017,0.1446626769726017,football_data_market_average,1,0.6008435505647092,0.24549675248320674,0.15365969695208406,0.5417181059906959,0.27425926520879484,0.18402262880050918,131.0726934411191,2.6377395952679956,0.0010717989784468564
poisson_hybrid_odds_ratings,2022,WC2022_038,2022-11-24,Group G,Group G,Brazil,Serbia,2,0,final,A,0.6760114456443036,0.19667034944828243,0.12731820490741397,A,2.058075892506197,0.759992392574299,2,0,2-0,0.12647982894282975,0.12647982894282975,football_data_market_average,1,0.7512270174577095,0.18183554364887902,0.06693743889341157,0.6744025669794159,0.20560170860030016,0.11999572442028382,247.1921751166367,2.9179580206985056,1.9457045557555807e-4
poisson_hybrid_odds_ratings,2022,WC2022_043,2022-11-24,Group H,Group H,Uruguay,South Korea,0,0,final,D,0.5147176451723255,0.26965460203466396,0.21562775279301052,A,1.4349579497951501,0.8237616048540825,1,0,1-0,0.14993041250742736,0.10448418542775485,football_data_market_average,1,0.41495362951729453,0.3136193785890145,0.271426991893691,0.5108301772244687,0.28158972220282813,0.20758010057270324,27.64436972275348,2.410887932204489,4.21512943974079e-4
poisson_hybrid_odds_ratings,2022,WC2022_044,2022-11-24,Group H,Group H,Portugal,Ghana,3,2,final,A,0.7365436500896566,0.17218432043520981,0.0912720294751336,A,2.2200096352732483,0.6349744853492605,2,0,2-0,0.14183253773995558,0.02115884865112851,football_data_market_average,1,0.7470217499180102,0.1838659707547208,0.06911227932726909,0.7359939956573304,0.17742387127345527,0.08658213306921436,243.05253652571537,2.907474387608228,6.604669499886824e-5
poisson_hybrid_odds_ratings,2022,WC2022_003,2022-11-25,Group A,Group A,Qatar,Senegal,1,3,final,B,0.21149042941321813,0.2658083388009435,0.5227012317858384,B,0.8256155935222375,1.4665637919990966,0,1,0-1,0.148190410077266,0.04385798284798055,football_data_market_average,1,0.32493369691529944,0.3107602773213242,0.3643060257633763,0.20454447894079944,0.2760095493217587,0.5194459717374419,-31.700519291679484,2.419405364700629,3.011701180031137e-4
poisson_hybrid_odds_ratings,2022,WC2022_004,2022-11-25,Group A,Group A,Netherlands,Ecuador,1,1,final,D,0.5451477031357934,0.25387352967304233,0.20097876719116423,A,1.567093917409539,0.8398698268453575,1,0,1-0,0.14117700120889712,0.11857030355986327,football_data_market_average,1,0.6241205917257094,0.23652254122784427,0.1393568670464463,0.5393520765806709,0.2730741997845623,0.18757372363476676,146.01901771355983,2.6722414903355873,0.0010746929555064955
poisson_hybrid_odds_ratings,2022,WC2022_009,2022-11-25,Group B,Group B,Wales,Iran,0,2,final,B,0.41743687991278783,0.27967789397040344,0.30288522611680874,A,1.2773996477011424,1.0440266430137823,1,1,1-1,0.1308747139980095,0.053482357129433764,football_data_market_average,1,0.25961695242886257,0.2757493175817584,0.464633729989379,0.41084616300227383,0.29481032238021804,0.2943435146175082,-83.20639036243551,2.530215056393052,6.858513548114319e-4
poisson_hybrid_odds_ratings,2022,WC2022_010,2022-11-25,Group B,Group B,England,USA,0,0,final,D,0.6305463739564842,0.22686163338292445,0.14259199266059142,A,1.7679725612316963,0.698175396595568,1,0,1-0,0.15012086939513705,0.08491131179691618,football_data_market_average,1,0.5502632472766703,0.26440052022184163,0.18533623250148812,0.6286865287916594,0.2357799745349565,0.1355334966733841,100.74542966360514,2.5690954389348026,2.1310441239470463e-4
poisson_hybrid_odds_ratings,2022,WC2022_015,2022-11-26,Group C,Group C,Poland,Saudi Arabia,2,0,final,A,0.550946652085685,0.25684739205264767,0.19220595586166736,A,1.5406737732447844,0.7914455923422876,1,0,1-0,0.14958364717421763,0.1152298010538092,football_data_market_average,1,0.502642259564065,0.28174973556932353,0.21560800486661144,0.5469190118387732,0.2707182951009077,0.18236269306031905,74.11430443255222,2.51029194424999,5.573992195774863e-4
poisson_hybrid_odds_ratings,2022,WC2022_016,2022-11-26,Group C,Group C,Argentina,Mexico,2,0,final,A,0.6326291129063625,0.2236313721582639,0.14373951493537362,A,1.8009670341045971,0.7185411800063878,1,0,1-0,0.1449763791417914,0.13054883977910783,football_data_market_average,1,0.6537491942285039,0.22475187718448952,0.12149892858700664,0.6292450039714346,0.23973511862227462,0.13101987740629084,166.22985907822158,2.7196147434781563,7.032654739840739e-4
poisson_hybrid_odds_ratings,2022,WC2022_021,2022-11-26,Group D,Group D,Tunisia,Australia,0,1,final,B,0.42178870724804113,0.28316080799600313,0.29505048475595574,A,1.2610339698857589,1.0053210200215017,1,1,1-1,0.13145166242961837,0.10424117475719309,football_data_market_average,1,0.3269960385183066,0.31194465496020124,0.3610593065214922,0.4169030836726535,0.2945749775036681,0.28852193882367827,-30.01780350435365,2.415868215080716,3.8828065349446694e-4
poisson_hybrid_odds_ratings,2022,WC2022_022,2022-11-26,Group D,Group D,France,Denmark,2,1,final,A,0.5316502038278068,0.2584427929094154,0.20990700326277786,A,1.527702011381524,0.853163087651994,1,0,1-0,0.14126744021381218,0.09206250501003542,football_data_market_average,1,0.5416432675846825,0.2675632928978985,0.19079343951741898,0.5273536161037625,0.2720818753755898,0.20056450852064764,95.81048217700412,2.558095682641048,5.317688418038724e-4
poisson_hybrid_odds_ratings,2022,WC2022_027,2022-11-27,Group E,Group E,Japan,Costa Rica,0,1,final,B,0.6298737886023876,0.22571062002537354,0.1444155913722388,A,1.7818148469758857,0.7126324564004625,1,0,1-0,0.1470746671250075,0.05882215062101392,football_data_market_average,1,0.5664655513136211,0.2584164529446895,0.17511799574168938,0.6281118032849706,0.23404075534621555,0.13784744136881372,110.18726850924804,2.590272825288206,1.8406552693105464e-4
poisson_hybrid_odds_ratings,2022,WC2022_028,2022-11-27,Group E,Group E,Spain,Germany,1,1,final,D,0.405375408209454,0.27452644024925726,0.3200981515412888,A,1.2937502130619565,1.117364763881014,1,1,1-1,0.12969148897033442,0.12969148897033442,football_data_market_average,1,0.4934280922211969,0.2850838008229879,0.2214881069558152,0.4022100318466662,0.2815170659356233,0.31627290221771043,69.11332341201728,2.4994004549307456,1.3590551065950903e-4
poisson_hybrid_odds_ratings,2022,WC2022_033,2022-11-27,Group F,Group F,Belgium,Morocco,0,2,final,B,0.5326475065701398,0.2555604754523024,0.21179201797755773,A,1.5525298598361361,0.8742979028523084,1,0,1-0,0.13711408058518978,0.033754445015832406,football_data_market_average,1,0.622526144965495,0.23714423377919372,0.1403296212553113,0.5270213806569674,0.27331850798809915,0.19966011135493356,144.9712064721664,2.669808095255694,9.083289179489469e-4
poisson_hybrid_odds_ratings,2022,WC2022_034,2022-11-27,Group F,Group F,Croatia,Canada,4,1,final,A,0.46588409403535713,0.2707071198244299,0.2634087861402129,A,1.3968076265357168,0.9780287982309963,1,0,1-0,0.12994460188798737,0.014431399086914097,football_data_market_average,1,0.5707340157447673,0.25683015284686606,0.1724358314083666,0.45970119826844197,0.2867281572761456,0.25357064445541244,112.7139262687142,2.5959694910231756,7.545000066629679e-4
poisson_hybrid_odds_ratings,2022,WC2022_039,2022-11-28,Group G,Group G,Cameroon,Serbia,3,3,final,D,0.19883359592276278,0.24779252745203997,0.5533738766251972,B,0.8607481004527793,1.6211885492783393,0,1,0-1,0.13550088638476265,0.006308627858532857,football_data_market_average,1,0.23117166253120636,0.26123241820599746,0.5075959192627961,0.193151894290475,0.25588288965312667,0.5509652160563984,-105.7267502435277,2.5802465267216736,1.7612150812337696e-4
poisson_hybrid_odds_ratings,2022,WC2022_040,2022-11-28,Group G,Group G,Brazil,Switzerland,1,0,final,A,0.6625846671970179,0.20669441158579158,0.13072092121719064,A,1.9507700019474916,0.7273015807148387,1,0,1-0,0.13400912085911318,0.13400912085911318,football_data_market_average,1,0.7185071875185203,0.1971409374662331,0.08435187501524666,0.6600023577152632,0.22056478718560749,0.11943285509912933,216.820665903138,2.841912170358944,4.926610297763136e-4
poisson_hybrid_odds_ratings,2022,WC2022_045,2022-11-28,Group H,Group H,South Korea,Ghana,2,3,final,B,0.42045060476011337,0.27228055071119633,0.30726884452869024,A,1.3322627596391898,1.0971472556187767,1,1,1-1,0.12875836270820765,0.01720734753081857,football_data_market_average,1,0.6541985594091235,0.22456987418561777,0.12123156640525871,0.41181546565530514,0.2920262012828556,0.2961583330618393,166.54815340555183,2.7203674887987885,0.0011598706463873307
poisson_hybrid_odds_ratings,2022,WC2022_046,2022-11-28,Group H,Group H,Portugal,Uruguay,2,0,final,A,0.4950171613227003,0.2731838102235106,0.23179902845378902,A,1.4000480687493146,0.8637714467751341,1,0,1-0,0.14553874419773294,0.10188061887111831,football_data_market_average,1,0.47339469333398154,0.29232832499508815,0.23427698167093036,0.48954899625765924,0.2889065496721048,0.22154445407023604,58.36621495941358,2.476154271188058,7.499304627306849e-4
poisson_hybrid_odds_ratings,2022,WC2022_005,2022-11-29,Group A,Group A,Ecuador,Senegal,1,2,final,B,0.40304842739397695,0.2945367168534999,0.3024148557525232,A,1.1671133765072454,0.9692871062614971,1,0,1-0,0.1378117049982662,0.06473825388705512,football_data_market_average,1,0.42095804159827,0.3114098229380421,0.2676321354636879,0.3945184925849547,0.3138426282445299,0.29163887917051545,30.777236996179223,2.4174639401180174,0.0012374628163730193
poisson_hybrid_odds_ratings,2022,WC2022_006,2022-11-29,Group A,Group A,Netherlands,Qatar,2,0,final,A,0.7809114543300855,0.152314902154697,0.0667736435152175,A,2.335341102030323,0.5273003701969697,2,0,2-0,0.1557547339235868,0.1557547339235868,football_data_market_average,1,0.7206989656721948,0.1961488534045424,0.08315218092326278,0.7809840586758406,0.15051386407213727,0.06850207725202204,218.73372537428645,2.846643160521688,7.815747721212551e-6
poisson_hybrid_odds_ratings,2022,WC2022_011,2022-11-29,Group B,Group B,Wales,England,0,3,final,B,0.12705469677382653,0.20705556339786874,0.6658897398283047,B,0.7034855354975298,1.9373511346135925,0,1,0-1,0.13813621373890486,0.08641178580438301,football_data_market_average,1,0.14614967057047668,0.21622549416938674,0.6376248352601366,0.11876109430787149,0.21716195024477591,0.6640769554473526,-181.34348740804535,2.755588385774982,2.609171877989579e-4
poisson_hybrid_odds_ratings,2022,WC2022_012,2022-11-29,Group B,Group B,Iran,USA,0,1,final,B,0.2691671025507957,0.27768027072387774,0.45315262672532663,B,0.9602551597516296,1.3347274824337054,0,1,0-1,0.13449133521892573,0.13449133521892573,football_data_market_average,1,0.38547981507792645,0.324587231777135,0.28993295314493855,0.2650571061388849,0.28447785411974513,0.4504650397413699,12.265985949612286,2.378866616658013,1.3249332955928591e-4
poisson_hybrid_odds_ratings,2022,WC2022_017,2022-11-30,Group C,Group C,Poland,Argentina,0,2,final,B,0.1280838493510829,0.20557493363848361,0.6663412170104335,B,0.7170478372606547,1.9563328388343444,0,1,0-1,0.13502316050591992,0.13207512145046582,football_data_market_average,1,0.14397027036485474,0.21497927314876145,0.6410504564863838,0.12164750220498946,0.21343630559280422,0.6649161922022064,-183.58827730958592,2.76097189693589,1.5558150664871464e-4
poisson_hybrid_odds_ratings,2022,WC2022_018,2022-11-30,Group C,Group C,Saudi Arabia,Mexico,1,2,final,B,0.18871735528993844,0.2385091620212616,0.5727734826887999,B,0.8646200038045836,1.7050291681054712,0,1,0-1,0.13054112680622273,0.09622201637607512,football_data_market_average,1,0.24314879686001972,0.26733212734639394,0.4895190757935863,0.18941271543059252,0.23754099271295387,0.5730462918564536,-96.16991282423965,2.5588952433337253,2.378380824878621e-6
poisson_hybrid_odds_ratings,2022,WC2022_023,2022-11-30,Group D,Group D,Australia,Denmark,1,0,final,A,0.15000556423079406,0.2241703704107113,0.6258240653584947,B,0.748772489290645,1.80571695670608,0,1,0-1,0.14036182484923349,0.05820351445636077,football_data_market_average,1,0.27688782505544435,0.2846771735856476,0.43843500135890806,0.15407090691680525,0.2189534745408914,0.6269756185423033,-69.72135294302234,2.500722137012915,6.818312140170995e-5
poisson_hybrid_odds_ratings,2022,WC2022_024,2022-11-30,Group D,Group D,Tunisia,France,1,0,final,A,0.16262460604549867,0.22184688129023697,0.6155285126642643,B,0.8268652216164989,1.8491923488000206,0,1,0-1,0.12728729336395864,0.05691643495315807,football_data_market_average,1,0.1051615731712111,0.19117028099600844,0.7036681458327805,0.15089954375332848,0.23729563574131812,0.6118048205053535,-228.44634702335816,2.8707842149090257,6.200556207127014e-4
poisson_hybrid_odds_ratings,2022,WC2022_029,2022-12-01,Group E,Group E,Japan,Spain,2,1,final,A,0.14912072466025755,0.2193507814865753,0.6315284938531671,B,0.7678710175356861,1.8536438985805113,0,1,0-1,0.13474629844264036,0.039724953716571663,football_data_market_average,1,0.1930804910225849,0.2416664562149943,0.5652530527624209,0.14693763459311693,0.22214577951712008,0.6309165858897631,-137.40558828529652,2.652303642830847,1.968995480323584e-5
poisson_hybrid_odds_ratings,2022,WC2022_030,2022-12-01,Group E,Group E,Costa Rica,Germany,2,4,final,B,0.04754770605851727,0.13535324935407214,0.8170990445874106,B,0.4180877688595332,2.4115655639484213,0,2,0-2,0.17165850411157205,0.0072708829674338294,football_data_market_average,1,0.17197641507914838,0.23050107138742984,0.5975225135334218,0.06553918948168094,0.11778996123661534,0.8166708492817037,-156.2679035087283,2.696160350724177,7.549190922612606e-4
poisson_hybrid_odds_ratings,2022,WC2022_035,2022-12-01,Group F,Group F,Croatia,Belgium,0,0,final,D,0.3167709393708928,0.27647896920646114,0.40675009142264607,B,1.0975568949376897,1.2826675043867972,1,1,1-1,0.1302635208315985,0.0925298115532896,football_data_market_average,1,0.28624786196016416,0.28958567280523484,0.42416646523460105,0.31226047961646497,0.2846783305061259,0.40306118987740913,-62.41608673661494,2.484888719967604,1.898878567213704e-4
poisson_hybrid_odds_ratings,2022,WC2022_036,2022-12-01,Group F,Group F,Canada,Morocco,1,2,final,B,0.2245629449177021,0.2658915931260056,0.5095454619562924,B,0.8721367134423155,1.46181403732247,0,1,0-1,0.1416674888661898,0.0903060604991244,football_data_market_average,1,0.2742464726090213,0.28330215200524483,0.4424513753857339,0.2158428255453293,0.27902979436609376,0.5051273800885769,-71.78130834453646,2.505205087277862,5.018226937199838e-4
poisson_hybrid_odds_ratings,2022,WC2022_041,2022-12-02,Group G,Group G,Serbia,Switzerland,2,3,final,B,0.3695508320435595,0.28191261918112537,0.34853654877531526,A,1.1830352564364373,1.140310528466373,1,1,1-1,0.13213095312024678,0.016938200820600602,football_data_market_average,1,0.31884619390235375,0.3073039342745607,0.37384987182308554,0.3654799470274713,0.2902504780029397,0.3442695749695891,-36.63144275209788,2.4298002543467287,2.0027373665521634e-4
poisson_hybrid_odds_ratings,2022,WC2022_042,2022-12-02,Group G,Group G,Cameroon,Brazil,1,0,final,A,0.0993275704922792,0.16397684141286253,0.7366955880948582,B,0.7526481314215042,2.385587840354204,0,2,0-2,0.12337928917190369,0.032634233927646694,football_data_market_average,1,0.03686610190312019,0.13221901363494978,0.83091488446193,0.09199533581091703,0.17237211353645474,0.7356325506526283,-362.1949226306645,3.2248125693598655,1.6141042390608305e-4
poisson_hybrid_odds_ratings,2022,WC2022_047,2022-12-02,Group H,Group H,Ghana,Uruguay,0,2,final,B,0.2047697888595061,0.23970325120346098,0.5555269599370329,B,0.9295757706879747,1.7011056846676385,0,1,0-1,0.12252955497831901,0.1042178612567072,football_data_market_average,1,0.15769427077984852,0.22270992239063445,0.619595806829517,0.199234333270982,0.24765977067893052,0.5531058960500875,-169.8114809509566,2.7280970740833372,1.6356303769369282e-4
poisson_hybrid_odds_ratings,2022,WC2022_048,2022-12-02,Group H,Group H,South Korea,Portugal,2,1,final,A,0.22722979460873674,0.2518889419632862,0.520881263427977,B,0.95325344979746,1.5840455562000122,0,1,0-1,0.12526585592831105,0.05691404931807701,football_data_market_average,1,0.22932189797031807,0.2602902603751027,0.5103878416545792,0.22465230826166746,0.2557708394308694,0.5195768523074632,-107.21565060346416,2.5835889362240247,3.946483523378169e-5
poisson_hybrid_odds_ratings,2022,WC2022_001,2022-12-03,Round of 16,NA,Netherlands,USA,3,1,final,A,0.5120231942076823,0.26525165264444117,0.22272515314787653,A,1.4677543294343876,0.8685864210384349,1,0,1-0,0.1419036199165123,0.04425496480386133,football_data_market_average,1,0.5409416054047783,0.2678201854951106,0.19123820910011113,0.5065810111233402,0.2815598536895434,0.21185913518711638,95.4112806487724,2.5572079436502424,7.866378301653984e-4
poisson_hybrid_odds_ratings,2022,WC2022_002,2022-12-03,Round of 16,NA,Argentina,Australia,2,1,final,A,0.7352940415370515,0.17381520302278056,0.09089075544016796,A,2.1965473277749594,0.6233969540081105,2,0,2-0,0.14380198928020535,0.08964572209758699,football_data_market_average,1,0.6903540601379782,0.20951897354748833,0.10012696631453354,0.7356781269978505,0.17010671531967056,0.0942151576824789,193.5370702871512,2.7849582248385274,3.284288194761437e-5
poisson_hybrid_odds_ratings,2022,WC2022_003,2022-12-04,Round of 16,NA,France,Poland,3,1,final,A,0.6782657117816593,0.2020604315910013,0.11967385662733936,A,1.9718755083843547,0.6827191554885579,1,0,1-0,0.13867675754107117,0.06135550039036443,football_data_market_average,1,0.6342604481250781,0.23254239876554256,0.1331971531093793,0.6777439714914804,0.2052205459275806,0.11703548258093903,152.7727922346353,2.687979495789191,2.4932431646009345e-5
poisson_hybrid_odds_ratings,2022,WC2022_004,2022-12-04,Round of 16,NA,England,Senegal,3,0,final,A,0.6086533339988309,0.2347838178158116,0.15656284818535743,A,1.7125057292048054,0.7326458111599269,1,0,1-0,0.1484964979723805,0.07258201612719144,football_data_market_average,1,0.6403962202442048,0.2301105378949469,0.12949324186084835,0.604183351511378,0.2539906600145481,0.14182598847407377,156.93903057596594,2.697734075823979,0.001044365523725566
poisson_hybrid_odds_ratings,2022,WC2022_005,2022-12-05,Round of 16,NA,Japan,Croatia,1,1,final,D,0.2761531743170366,0.2868830299096628,0.4369637957733005,B,0.9364945533820908,1.2570855063212152,0,1,0-1,0.14018614837680024,0.13128356441448705,football_data_market_average,1,0.3439187078102635,0.3219628904712649,0.33411840171847157,0.2676721656342454,0.3011941080052074,0.4311337263605472,-15.920311249478344,2.386437021504092,6.372674084858946e-4
poisson_hybrid_odds_ratings,2022,WC2022_006,2022-12-05,Round of 16,NA,Brazil,South Korea,4,1,final,A,0.7689998735353367,0.15921221865635593,0.07178790780830731,A,2.2762197473055252,0.5387336447255268,2,0,2-0,0.1551956888233971,0.03609947442270079,football_data_market_average,1,0.7063445456707528,0.20256869428223082,0.09108676004701648,0.7689907734236952,0.15937812943396557,0.07163109714233923,206.48048482429272,2.816476704426816,6.682512193978768e-8
poisson_hybrid_odds_ratings,2022,WC2022_007,2022-12-06,Round of 16,NA,Morocco,Spain,0,0,final,D,0.17296809284262293,0.2379579731017384,0.5890739340556387,B,0.7953080262661532,1.6989031821898304,0,1,0-1,0.14026407928434284,0.0825615495660836,football_data_market_average,1,0.18731662622514647,0.23865014335746781,0.5740332304173856,0.16294941307607191,0.2514762573003907,0.5855743296235375,-142.44093776963928,2.663941032404539,4.983376412114398e-4
poisson_hybrid_odds_ratings,2022,WC2022_008,2022-12-06,Round of 16,NA,Portugal,Switzerland,6,1,final,A,0.500750409349951,0.26289731421229884,0.23635227643775022,A,1.481861967195059,0.9283540626105328,1,0,1-0,0.13306511996181478,0.0012259821147847156,football_data_market_average,1,0.5019837701096743,0.2819881217079852,0.21602810818234056,0.49794778010309004,0.27089549434583615,0.23115672555107367,73.75554809737946,2.5095090416015555,1.7709558476792015e-4
poisson_hybrid_odds_ratings,2022,WC2022_009,2022-12-09,Quarter-finals,NA,Croatia,Brazil,1,1,final,D,0.12255052177558866,0.20116138187720217,0.6762880963472091,B,0.7051919589343693,1.9904332577430517,0,1,0-1,0.13435457600418949,0.09474576664419099,football_data_market_average,1,0.138979555370839,0.2120960380146616,0.6489244066144995,0.1166530933979909,0.20827298555089974,0.6750739210511093,-188.8182862745257,2.773555468154054,1.2630254556450642e-4
poisson_hybrid_odds_ratings,2022,WC2022_010,2022-12-09,Quarter-finals,NA,Netherlands,Argentina,2,2,final,D,0.2830976082599592,0.28802156409887075,0.42888082764116997,B,0.9500800129959467,1.2402817433938729,0,1,0-1,0.13875809438222222,0.03883640758416005,football_data_market_average,1,0.3011143336995057,0.2975249708224844,0.40136069547800984,0.27215604096424484,0.30676036409289786,0.4210835949428573,-50.75326827634626,2.4598182749252397,0.0011316436737764122
poisson_hybrid_odds_ratings,2022,WC2022_011,2022-12-10,Quarter-finals,NA,Morocco,Portugal,1,0,final,A,0.17498302761064646,0.24065886319677154,0.584358109192582,B,0.7916812116013573,1.6752664269232589,0,1,0-1,0.14213536155520734,0.06716895500262905,football_data_market_average,1,0.2247123235443542,0.25794105186987676,0.5173466245857691,0.16739709916444598,0.2509404780760594,0.5816624227594946,-110.94342201581117,2.591976355867345,2.868642184506826e-4
poisson_hybrid_odds_ratings,2022,WC2022_012,2022-12-10,Quarter-finals,NA,England,France,1,2,final,B,0.34679929245520685,0.29554078322189603,0.35765992432289706,B,1.0630763133899221,1.0844333828822739,1,1,1-1,0.13462189792912124,0.07299424009065457,football_data_market_average,1,0.34199636332699623,0.32079502248720065,0.33720861418580306,0.338129977566792,0.3126649981934774,0.3492050242397307,-17.551554904118802,2.3898241253666574,9.539208092176715e-4
poisson_hybrid_odds_ratings,2022,WC2022_013,2022-12-13,Semi-finals,NA,Argentina,Croatia,3,0,final,A,0.5111911870827464,0.2708725177041435,0.21793629521311017,A,1.424642432733614,0.8266284686462955,1,0,1-0,0.14996549517056876,0.05072847966013667,football_data_market_average,1,0.6006352895369771,0.24557612412468574,0.1537885863383371,0.5029214160932447,0.2959988825474067,0.20107970135934866,130.94217237086082,2.6374402726152346,0.002055783175751033
poisson_hybrid_odds_ratings,2022,WC2022_014,2022-12-14,Semi-finals,NA,France,Morocco,2,0,final,A,0.6055207913098798,0.2335414062274467,0.16093780246267358,A,1.7289957867053543,0.7593304400943743,1,0,1-0,0.143591120829906,0.12413422146160345,football_data_market_average,1,0.6112763729281104,0.24150058352264467,0.14722304354924487,0.602328466896408,0.24686442137757647,0.15080711172601563,137.6813724487531,2.65293970024324,4.828313314266467e-4
poisson_hybrid_odds_ratings,2022,WC2022_015,2022-12-17,Match for third place,NA,Croatia,Morocco,2,1,final,A,0.42652653037105087,0.2745924075046503,0.2988810621242988,A,1.3243927156701134,1.0611304355281468,1,1,1-1,0.12934987507547072,0.0856550161613963,football_data_market_average,1,0.43063907331774093,0.307861256548042,0.2614996701342171,0.4250173364154877,0.2781119743774666,0.29687068920704573,35.83428139254943,2.42811673543806,3.4092387293718626e-5
poisson_hybrid_odds_ratings,2022,WC2022_016,2022-12-18,Final,NA,Argentina,France,3,3,final,D,0.37982683984360543,0.29064994003651135,0.3295232201198832,A,1.1511845924795898,1.051166120365584,1,1,1-1,0.13376656084385072,0.005440987236949111,football_data_market_average,1,0.4183771151532134,0.31235870586701153,0.26926417897977506,0.37258786046848813,0.30601010991107325,0.3214020296204386,29.430361613937976,2.4146346021005907,7.40748427641753e-4
poisson_hybrid_odds_ratings,2026,WC2026_001,2026-06-11,Group A,Group A,Mexico,South Africa,2,0,final,A,0.6892132187485193,0.19852598322272758,0.11226079802875322,A,1.9883258110590298,0.6527921240507232,1,0,1-0,0.1417309195985765,0.1409036228314909,NA,NA,0.6873712422442392,0.2107938481391409,0.10183490961661991,0.6873712422442392,0.2107938481391409,0.10183490961661991,191.1974020466721,2.779298660657857,3.861857159171651e-4
poisson_hybrid_odds_ratings,2026,WC2026_002,2026-06-11,Group A,Group A,South Korea,Czech Republic,2,1,final,A,0.5099720859869492,0.26647195818013464,0.22355595583291624,A,1.457457827548388,0.865882545028164,1,0,1-0,0.14275196452569336,0.09007558264030771,NA,NA,0.5051570341579901,0.2808391274323919,0.21400383840961795,0.5051570341579901,0.2808391274323919,0.21400383840961795,75.48641514035558,2.513288512347572,6.064413812563699e-4
poisson_hybrid_odds_ratings,2026,WC2026_007,2026-06-12,Group B,Group B,Canada,Bosnia & Herzegovina,1,1,final,D,0.6511164851155291,0.21499426238811759,0.13388925249635333,A,1.869326191305271,0.7051147707860247,1,0,1-0,0.14243594036255336,0.1004336854404337,NA,NA,0.6488619101838905,0.22672415815411598,0.12441393166199355,0.6488619101838905,0.22672415815411598,0.12441393166199355,162.79231863132645,2.7114984445351142,3.602040548004936e-4
poisson_hybrid_odds_ratings,2026,WC2026_019,2026-06-12,Group D,Group D,USA,Paraguay,4,1,final,A,0.45416749200519785,0.28420816777568936,0.2616243402191127,A,1.292673738675681,0.9075187839794098,1,0,1-0,0.14320476016255293,0.011696841727508657,NA,NA,0.4473378816002336,0.301773389524738,0.25088872887502844,0.4473378816002336,0.301773389524738,0.25088872887502844,44.58627388214836,2.446664074905942,9.778391453045107e-4
poisson_hybrid_odds_ratings,2026,WC2026_008,2026-06-13,Group B,Group B,Qatar,Switzerland,1,1,final,D,0.024829886802601307,0.10391101141432015,0.8712591017830785,B,0.2788847888711514,2.612783132740503,0,2,0-2,0.18938313870213064,0.04042897857909993,median_complete_bookmakers,5,0.12669970912565323,0.20480595405758978,0.6684943368167571,0.03887580199838089,0.09149506879165221,0.8696291292099669,-202.27862267645787,2.806205850106753,4.004745199763304e-4
poisson_hybrid_odds_ratings,2026,WC2026_013,2026-06-13,Group C,Group C,Brazil,Morocco,1,1,final,D,0.5605604464022832,0.25123093446224504,0.18820861913547177,A,1.5874495362691827,0.8001437279880018,1,0,1-0,0.14580799855267243,0.11666735553240451,median_complete_bookmakers,8,0.4906443244651041,0.2860905629578179,0.22326511257707807,0.5580227992649135,0.2601846356276922,0.18179256510739442,67.61015116649355,2.496135986258054,2.2231837708575628e-4
poisson_hybrid_odds_ratings,2026,WC2026_014,2026-06-13,Group C,Group C,Haiti,Scotland,0,1,final,B,0.17195993539119264,0.22696753161133118,0.6010725329974762,B,0.8468619297646289,1.8073000209536476,0,1,0-1,0.12715761229772082,0.12715761229772082,median_complete_bookmakers,8,0.2194532994250408,0.2552570875655552,0.525289613009404,0.17563726753321945,0.22202594766331785,0.6023367848034628,-115.22960892028324,2.6016538588643927,5.990718665754827e-5
poisson_hybrid_odds_ratings,2026,WC2026_020,2026-06-13,Group D,Group D,Australia,Turkey,2,0,final,A,0.2176688149402922,0.26178294710042194,0.5205482379592858,B,0.866518296488466,1.4981120083128985,0,1,0-1,0.14079861800705823,0.03528414399121035,median_complete_bookmakers,8,0.3325308842483047,0.31515975639814936,0.35230935935354585,0.2152672349016833,0.2653469902303803,0.5193857748679364,-25.46740272344823,2.4063289321084107,3.483555684880333e-5
poisson_hybrid_odds_ratings,2026,WC2026_025,2026-06-14,Group E,Group E,Germany,Curaçao,7,1,final,A,0.9059857326827633,0.07571383661658206,0.018300430700654756,A,3.035928679977764,0.29474589729119377,3,0,3-0,0.16681298521864596,0.004972383270217026,median_complete_bookmakers,8,0.8551384147424397,0.12334546064062218,0.021516124616938196,0.904928630304286,0.06956656184871443,0.025504807846999586,386.4567998967625,3.293562030640202,9.71581297296312e-5
poisson_hybrid_odds_ratings,2026,WC2026_026,2026-06-14,Group E,Group E,Ivory Coast,Ecuador,1,0,final,A,0.27865330309628417,0.2953679258122465,0.4259787710914693,B,0.9058579695603947,1.1940034483099387,0,1,0-1,0.14623366156988396,0.11094350517879856,median_complete_bookmakers,8,0.24343098705589455,0.26747593658095287,0.4890930763631525,0.2625887391890191,0.3227832086615072,0.4146280521494736,-95.94628605481398,2.5583977517254275,0.002744639317220655
poisson_hybrid_odds_ratings,2026,WC2026_031,2026-06-14,Group F,Group F,Netherlands,Japan,2,2,final,D,0.4616898654197387,0.2746993426204098,0.2636107919598515,A,1.3639494824942604,0.9583262806589342,1,0,1-0,0.1337355093060626,0.041880496954039184,median_complete_bookmakers,8,0.3823211336900954,0.32577693788407863,0.2919019284258259,0.45997619012368623,0.27912039539791533,0.2609034144783985,10.614418472529223,2.3754530662902567,5.4869320438991326e-5
poisson_hybrid_odds_ratings,2026,WC2026_032,2026-06-14,Group F,Group F,Sweden,Tunisia,5,1,final,A,0.49478362784776975,0.270652831091836,0.23456354106039431,A,1.418448138398551,0.8845280570870009,1,0,1-0,0.14178934882671448,0.004230851886079482,median_complete_bookmakers,8,0.43286029271961934,0.30704925174387643,0.26009045553650423,0.4912434420576908,0.28075346981855626,0.22800308812375303,36.99599349444088,2.430570535146662,2.953849369269143e-4
poisson_hybrid_odds_ratings,2026,WC2026_037,2026-06-15,Group G,Group G,Belgium,Egypt,NA,NA,scheduled,NA,0.5920844587029209,0.23475309467069946,0.1731624466263796,A,1.7297874763425847,0.8119324506425002,1,0,1-0,0.13618767625546904,NA,median_complete_bookmakers,8,0.586405575839085,0.25096514164467715,0.16262928251623782,0.5904128199204907,0.24121995412282737,0.16836722595668188,122.1457618177742,2.6173456391844594,1.0935209099649981e-4
poisson_hybrid_odds_ratings,2026,WC2026_038,2026-06-15,Group G,Group G,Iran,New Zealand,NA,NA,scheduled,NA,0.557822239597235,0.2444981128236493,0.1976796475791158,A,1.6515889267448571,0.8726863261108461,1,0,1-0,0.13231928617469824,NA,median_complete_bookmakers,8,0.6943068153249141,0.20781938649336876,0.09787379818171715,0.5520714026951017,0.26396810451135544,0.18396049279354293,196.67250990635105,2.7925608034713925,0.0010618547211737007
poisson_hybrid_odds_ratings,2026,WC2026_043,2026-06-15,Group H,Group H,Spain,Cape Verde,NA,NA,scheduled,NA,0.8718124839971628,0.09602310931924259,0.03216440668359463,A,2.895819583442143,0.42180607966663985,2,0,2-0,0.15194502585319694,NA,median_complete_bookmakers,8,0.857112146253852,0.12203579165365917,0.020852062092488823,0.8716494413502812,0.09411157453518317,0.034238984114535596,390.16335534538143,3.3041933710379086,8.810722684069148e-6
poisson_hybrid_odds_ratings,2026,WC2026_044,2026-06-15,Group H,Group H,Saudi Arabia,Uruguay,NA,NA,scheduled,NA,0.1350515393007314,0.21024634739493187,0.6547021133043367,B,0.7349206138976077,1.9222726179164695,0,1,0-1,0.13483747825119144,NA,median_complete_bookmakers,8,0.15152796408667307,0.21926980822006392,0.629202227693263,0.1289339887290012,0.21783761537135132,0.6532283958996475,-175.89890929339822,2.742574627926543,1.4568319239071398e-4
poisson_hybrid_odds_ratings,2026,WC2026_049,2026-06-16,Group I,Group I,France,Senegal,NA,NA,scheduled,NA,0.645587215552932,0.21483350724920605,0.1395792771978619,A,1.882957990445917,0.7378858660151127,1,0,1-0,0.1369691012460706,NA,median_complete_bookmakers,8,0.6368918882617811,0.23150169168607168,0.13160642005214712,0.6443001689287681,0.22119420074366777,0.13450563032756419,154.5519749954101,2.6921408449060986,1.0292527356403882e-4
poisson_hybrid_odds_ratings,2026,WC2026_050,2026-06-16,Group I,Group I,Iraq,Norway,NA,NA,scheduled,NA,0.09042010153873407,0.18102413275501122,0.7285557657062546,B,0.5848306054816403,2.1047958557023714,0,2,0-2,0.15041807755064882,NA,median_complete_bookmakers,8,0.25887684163229296,0.2753695341929983,0.4657536241747088,0.10692885322038946,0.1626427603551315,0.7304283864244792,-83.78593576255935,2.5314903377346916,8.090304883783612e-4
poisson_hybrid_odds_ratings,2026,WC2026_055,2026-06-16,Group J,Group J,Argentina,Algeria,NA,NA,scheduled,NA,0.6881352628090018,0.19728734808885162,0.11457738910214661,A,2.009728709346743,0.6736411358061022,2,0,2-0,0.13799779934354295,NA,median_complete_bookmakers,8,0.6978739135820131,0.2062754224223351,0.09585066399565173,0.6865155207858822,0.20774144101770417,0.10574303819641365,199.5372899397023,2.7995252497026533,2.760329813628779e-4
poisson_hybrid_odds_ratings,2026,WC2026_056,2026-06-16,Group J,Group J,Austria,Jordan,NA,NA,scheduled,NA,0.6874970613355441,0.19791075199763952,0.11459218666681635,A,2.002704334558538,0.6706902173867503,2,0,2-0,0.1384086325902619,NA,median_complete_bookmakers,8,0.598457083541109,0.24640537365879733,0.1551375428000936,0.6881077802095954,0.19396887635029092,0.11792334344011375,129.58022730487914,2.6343189633980333,3.800927512373599e-5
poisson_hybrid_odds_ratings,2026,WC2026_061,2026-06-17,Group K,Group K,Portugal,DR Congo,NA,NA,scheduled,NA,0.746087861572506,0.16559374031348628,0.08831839811400774,A,2.293717746066781,0.6471110497082567,2,0,2-0,0.1389518186703538,NA,median_complete_bookmakers,8,0.7732108659644642,0.1708746377363556,0.05591449629918018,0.7457244510221586,0.16927944819396043,0.08499610078388094,270.18563067133505,2.976880824368375,3.208758872035641e-5
poisson_hybrid_odds_ratings,2026,WC2026_062,2026-06-17,Group K,Group K,Uzbekistan,Colombia,NA,NA,scheduled,NA,0.12507308803518213,0.2044151988862498,0.6705117130785682,B,0.7045040844798917,1.9610838498537997,0,1,0-1,0.13640994450371394,NA,median_complete_bookmakers,8,0.16019827702237088,0.22409279410764735,0.6157089288699817,0.12075757709915719,0.20964967016684222,0.6695927527340007,-167.38336152395527,2.7223436922997264,6.860002536665894e-5
poisson_hybrid_odds_ratings,2026,WC2026_067,2026-06-17,Group L,Group L,England,Croatia,NA,NA,scheduled,NA,0.5377012629707362,0.25501795542447986,0.20728078160478397,A,1.5574228455117693,0.8593456072111549,1,0,1-0,0.13893681470568833,NA,median_complete_bookmakers,8,0.48180039037185557,0.2892884141561228,0.2289111954720217,0.5359016077428098,0.26081377169826203,0.20328462055892826,62.85638536768806,2.485840176812028,9.140282695547299e-5
poisson_hybrid_odds_ratings,2026,WC2026_068,2026-06-17,Group L,Group L,Ghana,Panama,NA,NA,scheduled,NA,0.39659999514491767,0.26930273328819954,0.3340972715668827,A,1.3158814388931463,1.1846366991769537,1,1,1-1,0.12789121533073616,NA,median_complete_bookmakers,8,0.2105110965291495,0.2506786795605206,0.53881022391033,0.39238514613509823,0.2783503700584456,0.32926448380645623,-122.61015531252563,2.61840266737479,2.243274893052265e-4
poisson_hybrid_odds_ratings,2026,WC2026_003,2026-06-18,Group A,Group A,Czech Republic,South Africa,NA,NA,scheduled,NA,0.5331024417269385,0.25314885305207857,0.21374870522098277,A,1.573941025274324,0.8940320792978356,1,0,1-0,0.13340169714723388,NA,median_complete_bookmakers,8,0.5219115393253649,0.27476074356313107,0.20332771711150402,0.5313549737699831,0.2586296501510495,0.2100153760789674,84.71597878811167,2.533538227629324,8.051634018807756e-5
poisson_hybrid_odds_ratings,2026,WC2026_004,2026-06-18,Group A,Group A,Mexico,South Korea,NA,NA,scheduled,NA,0.47019921860969266,0.27973065326688307,0.25007012812342433,A,1.33683756458938,0.8930279193133629,1,0,1-0,0.14376738239340095,NA,median_complete_bookmakers,8,0.41037833259330087,0.31530800434015205,0.2743136630665471,0.46522508602191315,0.29306771136010473,0.24170720261798218,25.25819244893455,2.4058912586745063,5.402096686259869e-4
poisson_hybrid_odds_ratings,2026,WC2026_009,2026-06-18,Group B,Group B,Switzerland,Bosnia & Herzegovina,NA,NA,scheduled,NA,0.617523018357587,0.22186213702970958,0.1606148446127033,A,1.8459876720209272,0.8161801142927171,1,0,1-0,0.12884394592096426,NA,median_complete_bookmakers,5,0.6921148873313446,0.20876330806312243,0.09912180460553303,0.61501872214712,0.23239095948496494,0.15259031836791512,194.92881952619248,2.788330275972813,2.838834043939856e-4
poisson_hybrid_odds_ratings,2026,WC2026_010,2026-06-18,Group B,Group B,Canada,Qatar,NA,NA,scheduled,NA,0.7300003516640644,0.17971782998450553,0.09028181835143012,A,2.119751317622747,0.5898348255871912,2,0,2-0,0.1495483142410427,NA,median_complete_bookmakers,5,0.646866779338969,0.22752559469149206,0.12560762596953895,0.7300145683422911,0.17957681815135582,0.09040861350635314,161.40151778996142,2.7082215427255267,4.885787669140147e-8
poisson_hybrid_odds_ratings,2026,WC2026_015,2026-06-19,Group C,Group C,Scotland,Morocco,NA,NA,scheduled,NA,0.22698509947677384,0.25718814204902857,0.5158267584741976,B,0.9238349775451666,1.5355163322300782,0,1,0-1,0.13127188973168247,NA,median_complete_bookmakers,8,0.1771865305092535,0.2332910097327488,0.5895224597579978,0.21600992154706905,0.2737419456125062,0.5102481328404248,-151.4964039747333,2.684998101100538,7.787386813219942e-4
poisson_hybrid_odds_ratings,2026,WC2026_016,2026-06-19,Group C,Group C,Brazil,Haiti,NA,NA,scheduled,NA,0.870280122856014,0.09943357875921134,0.030286298384774712,A,2.7875124107679237,0.37355071922669925,2,0,2-0,0.16465364502001065,NA,median_complete_bookmakers,8,0.8236641112425303,0.1430693130579226,0.03326657569954721,0.8700957268438257,0.09754705556067257,0.03235721759550161,334.3361640615101,3.147638970148617,8.79111878849254e-6
poisson_hybrid_odds_ratings,2026,WC2026_021,2026-06-19,Group D,Group D,USA,Australia,NA,NA,scheduled,NA,0.5700728453293841,0.2467493460981054,0.1831778085725105,A,1.624889979555361,0.7994118758107298,1,0,1-0,0.14386761439156842,NA,median_complete_bookmakers,8,0.39396714332526966,0.3214054381005743,0.284627418574156,0.5710019876977344,0.24337384042477683,0.18562417187748875,16.69855509103968,2.3880523627986077,2.976293140334344e-5
poisson_hybrid_odds_ratings,2026,WC2026_022,2026-06-19,Group D,Group D,Turkey,Paraguay,NA,NA,scheduled,NA,0.4819224065649636,0.2751400479818853,0.2429375454531511,A,1.3776372177676004,0.8914065735523551,1,0,1-0,0.1424628634491617,NA,median_complete_bookmakers,8,0.4965486891287134,0.2839549887102992,0.21949632216098736,0.47578032606103676,0.2920851153891187,0.23213455854984452,70.80252637646277,2.503074024983016,8.786506399148924e-4
poisson_hybrid_odds_ratings,2026,WC2026_027,2026-06-20,Group E,Group E,Germany,Ivory Coast,NA,NA,scheduled,NA,0.616236286310487,0.2212801149330902,0.16248359875642296,A,1.8550892720368959,0.829234990831449,1,0,1-0,0.12664195287094268,NA,median_complete_bookmakers,8,0.6410503229528736,0.22985019751852412,0.1290994795286024,0.6159221596668863,0.22258530706980106,0.16149253326331262,157.38686604348322,2.698784715654558,4.219893396338998e-6
poisson_hybrid_odds_ratings,2026,WC2026_028,2026-06-20,Group E,Group E,Ecuador,Curaçao,NA,NA,scheduled,NA,0.7904831227723867,0.1423065163061893,0.06721036092142392,A,2.4909700041263028,0.5858007179997236,2,0,2-0,0.14304821844006338,NA,median_complete_bookmakers,8,0.8172177353459179,0.14686133116527358,0.03592093348880856,0.7902601199488832,0.14730297322544092,0.06243690682567598,325.01621990809326,3.122235591998468,5.840224360455059e-5
poisson_hybrid_odds_ratings,2026,WC2026_033,2026-06-20,Group F,Group F,Netherlands,Sweden,NA,NA,scheduled,NA,0.5916873131340615,0.22997564138244955,0.17833704548348894,A,1.7828617986744275,0.8619183869990678,1,0,1-0,0.12662056263863777,NA,median_complete_bookmakers,8,0.6478695831315736,0.227123036482628,0.12500738038579834,0.5902073609615502,0.23554592699667376,0.174246712041776,162.0996780455,2.709866000831182,7.879260884718897e-5
poisson_hybrid_odds_ratings,2026,WC2026_034,2026-06-20,Group F,Group F,Tunisia,Japan,NA,NA,scheduled,NA,0.18256387665585005,0.23715087830273393,0.580285245041416,B,0.8436329682685695,1.714176801099248,0,1,0-1,0.13280454696316085,NA,median_complete_bookmakers,8,0.13929748580432694,0.21228098504586881,0.6484215291498043,0.1706179011822289,0.25357778042104934,0.5758043183967219,-188.48125306741167,2.7727428292667358,7.330678096029424e-4
poisson_hybrid_odds_ratings,2026,WC2026_039,2026-06-21,Group G,Group G,Belgium,Iran,NA,NA,scheduled,NA,0.6273791211029885,0.22705230113356603,0.14556857776344534,A,1.7707039655629415,0.7125541599278608,1,0,1-0,0.14780211845476746,NA,median_complete_bookmakers,8,0.4480867420982741,0.3015011791453955,0.2504120787563305,0.6281153040899797,0.2236055941247537,0.14827910178526651,44.97992194478388,2.4475016205226114,3.0440408439673135e-5
poisson_hybrid_odds_ratings,2026,WC2026_040,2026-06-21,Group G,Group G,New Zealand,Egypt,NA,NA,scheduled,NA,0.20842223367020957,0.25006370972172265,0.5415140566080677,B,0.888629756176798,1.601956023782965,0,1,0-1,0.13274034097656023,NA,median_complete_bookmakers,8,0.21425287951599742,0.2525972001118441,0.5331499203721585,0.20174073878448237,0.25976211930969206,0.5384971419058256,-119.5066700333607,2.611346774220397,2.5473199229204683e-4
poisson_hybrid_odds_ratings,2026,WC2026_045,2026-06-21,Group H,Group H,Spain,Saudi Arabia,NA,NA,scheduled,NA,0.8487511884036826,0.11139433522801406,0.03985447636830326,A,2.714349158568939,0.44410609239059345,2,0,2-0,0.15653149810221165,NA,median_complete_bookmakers,8,0.8275175197632194,0.14076477427930104,0.03171770595747961,0.8487845734360571,0.11204468616465704,0.03917074039928598,340.1011452943203,3.163455943668375,1.016507289097883e-6
poisson_hybrid_odds_ratings,2026,WC2026_046,2026-06-21,Group H,Group H,Uruguay,Cape Verde,NA,NA,scheduled,NA,0.6694177969949199,0.20108169483118857,0.12950050817389164,A,2.0116706794404937,0.749414918253104,2,0,2-0,0.12792621110982494,NA,median_complete_bookmakers,8,0.7288173146101714,0.19243492227204528,0.07874776311778327,0.6677281493675922,0.21026520112529126,0.12200664950711664,225.96111934445935,2.864587674536495,2.0862416596113234e-4
poisson_hybrid_odds_ratings,2026,WC2026_051,2026-06-22,Group I,Group I,France,Iraq,NA,NA,scheduled,NA,0.8316189637913053,0.12446269807013052,0.04391833813856415,A,2.53916208780308,0.4273026577112173,2,0,2-0,0.16597076074243086,NA,median_complete_bookmakers,8,0.762154692466292,0.17646247650161276,0.06138283103209529,0.8315245932784472,0.12193547884188112,0.04653992787967177,258.32332459986446,2.946335512901215,1.560225627397262e-5
poisson_hybrid_odds_ratings,2026,WC2026_052,2026-06-22,Group I,Group I,Norway,Senegal,NA,NA,scheduled,NA,0.4254770150554837,0.27759015201241266,0.2969328329321036,A,1.302408176463981,1.039378451485707,1,1,1-1,0.13016547647447455,NA,median_complete_bookmakers,8,0.33910961718595456,0.3190566984875695,0.3418336843264759,0.42360840911401204,0.2819577980687035,0.29443379281728443,-19.985413841895024,2.3948867138348486,5.3393709807790326e-5
poisson_hybrid_odds_ratings,2026,WC2026_057,2026-06-22,Group J,Group J,Argentina,Austria,NA,NA,scheduled,NA,0.6101823087060156,0.22459274182900738,0.16522494946497693,A,1.823690145897313,0.8254983804629151,1,0,1-0,0.1289505185558425,NA,median_complete_bookmakers,8,0.7106994683764958,0.2006399802200469,0.08866055140345727,0.6067197213940774,0.2387082917971547,0.15457198680876796,210.1307295034901,2.825429716659151,5.192669705804384e-4
poisson_hybrid_odds_ratings,2026,WC2026_058,2026-06-22,Group J,Group J,Jordan,Algeria,NA,NA,scheduled,NA,0.15676749561239436,0.22560402595886608,0.6176284784287396,B,0.7767515071014177,1.8014194170208788,0,1,0-1,0.1367506608757062,NA,median_complete_bookmakers,8,0.18990070494632283,0.2400050940440016,0.5700942010096756,0.1514069732327029,0.23258381413663162,0.6160092126306655,-140.17366686866694,2.6586947494522826,1.259397121133171e-4
poisson_hybrid_odds_ratings,2026,WC2026_063,2026-06-23,Group K,Group K,Portugal,Uzbekistan,NA,NA,scheduled,NA,0.7386623169589134,0.17325692843876822,0.08808075460231841,A,2.1890231908483893,0.604243250770889,2,0,2-0,0.14667987372340485,NA,median_complete_bookmakers,8,0.6791577787123791,0.21427153262217466,0.10657068866544618,0.7389621047076638,0.17015335005070437,0.09088454524163184,184.8673225016153,2.7640440373885156,2.3172028624470586e-5
poisson_hybrid_odds_ratings,2026,WC2026_064,2026-06-23,Group K,Group K,Colombia,DR Congo,NA,NA,scheduled,NA,0.6731099755461859,0.20002898972153121,0.1268610347322829,A,2.0163194281324204,0.7383991148517091,2,0,2-0,0.12933903353939838,NA,median_complete_bookmakers,5,0.756704218110518,0.1791603329751702,0.06413544891431182,0.6704222632463207,0.21503874717958515,0.11453898957409409,252.70166969367503,2.931969471298312,5.670871127106292e-4
poisson_hybrid_odds_ratings,2026,WC2026_069,2026-06-23,Group L,Group L,England,Ghana,NA,NA,scheduled,NA,0.7353365796855932,0.1675304609916099,0.09713295932279695,A,2.3180925846837073,0.710141833385036,2,0,2-0,0.1300427251994545,NA,median_complete_bookmakers,8,0.819433553052847,0.14556666681674435,0.03499978013040855,0.7341514763946835,0.17738217246721855,0.088466351138098,328.17552175470746,3.130823850198542,2.2725640819986048e-4
poisson_hybrid_odds_ratings,2026,WC2026_070,2026-06-23,Group L,Group L,Panama,Croatia,NA,NA,scheduled,NA,0.1651318021424703,0.23215848689376795,0.6027097109637618,B,0.7862320756640183,1.7469244247678435,0,1,0-1,0.13871972751635359,NA,median_complete_bookmakers,8,0.1870123632362091,0.23849030479571248,0.5744973319680784,0.15694054490430803,0.24302170843800885,0.6000377466576831,-142.70898107449375,2.6645619469908475,3.138488961659041e-4
poisson_hybrid_odds_ratings,2026,WC2026_005,2026-06-24,Group A,Group A,Czech Republic,Mexico,NA,NA,scheduled,NA,0.21762331739199212,0.25431122768386427,0.5280654549241437,B,0.9031759978230033,1.563157479222087,0,1,0-1,0.13270513047007917,NA,median_complete_bookmakers,5,0.21794451179758761,0.25448606380898237,0.5275694243934301,0.2102666542717224,0.2651971795060599,0.5245361662222178,-116.46636759247554,2.6044529670553587,3.2570025488292114e-4
poisson_hybrid_odds_ratings,2026,WC2026_006,2026-06-24,Group A,Group A,South Africa,South Korea,NA,NA,scheduled,NA,0.172210235766958,0.227920864209954,0.599868900023088,B,0.8429145187987895,1.797617335301806,0,1,0-1,0.12821204698396227,NA,median_complete_bookmakers,5,0.15150272694280995,0.21925562191232348,0.6292416511448665,0.16584319479448506,0.23648279666478428,0.5976740085407307,-175.92415393165265,2.742634826202707,1.8795986689679165e-4
poisson_hybrid_odds_ratings,2026,WC2026_011,2026-06-24,Group B,Group B,Switzerland,Canada,NA,NA,scheduled,NA,0.447973090396086,0.2772958098258465,0.2747310997780676,A,1.331847190278131,0.9784938217569987,1,0,1-0,0.13215574460876467,NA,median_complete_bookmakers,2,0.4402714890090746,0.30434513856519785,0.25538337242572756,0.4439530895748035,0.2872999927574642,0.2687469176677323,40.877104886496454,2.438786318642115,2.90748936701141e-4
poisson_hybrid_odds_ratings,2026,WC2026_012,2026-06-24,Group B,Group B,Bosnia & Herzegovina,Qatar,NA,NA,scheduled,NA,0.560006494831795,0.2550150982732033,0.18497840689500178,A,1.5544192448483822,0.7703129828396039,1,0,1-0,0.15203717315614262,NA,median_complete_bookmakers,2,0.3760851061898574,0.32813521012288255,0.2957796836872601,0.5589316551621439,0.258858643487058,0.182209701350798,7.349803150265416,2.368719983842852,4.0836586327232954e-5
poisson_hybrid_odds_ratings,2026,WC2026_017,2026-06-24,Group C,Group C,Scotland,Brazil,NA,NA,scheduled,NA,0.13847386768324804,0.2045476379103631,0.6569784944063889,B,0.7859662179411333,1.995386182259291,0,1,0-1,0.12362347886736828,NA,median_complete_bookmakers,5,0.11249702610748236,0.19595594951838677,0.6915470243741308,0.1337185276663996,0.21049420608318334,0.6557872662504171,-219.1065551412269,2.84756608398047,8.642842760439955e-5
poisson_hybrid_odds_ratings,2026,WC2026_018,2026-06-24,Group C,Group C,Morocco,Haiti,NA,NA,scheduled,NA,0.7186975444227449,0.17798540711030877,0.10331704846694632,A,2.203537276458071,0.6969159677442123,2,0,2-0,0.1335241951364598,NA,median_complete_bookmakers,5,0.7700475742129524,0.17248965853961742,0.05746276724743013,0.717837061382666,0.1844760590875836,0.09768687952975046,266.72601289501654,2.967939780342267,1.0041979421400576e-4
poisson_hybrid_odds_ratings,2026,WC2026_023,2026-06-25,Group D,Group D,Turkey,USA,NA,NA,scheduled,NA,0.3546238542694985,0.27929469020518705,0.3660814555253145,B,1.168765369045345,1.1922193611694623,1,1,1-1,0.13143797664093493,NA,median_complete_bookmakers,5,0.3787943874475432,0.3271090552714405,0.2940965572810163,0.3541679683985996,0.2801945383270154,0.36563749327438505,8.768847632408551,2.3716443339244413,2.2247346089193787e-6
poisson_hybrid_odds_ratings,2026,WC2026_024,2026-06-25,Group D,Group D,Paraguay,Australia,NA,NA,scheduled,NA,0.4239596408432812,0.279341942651951,0.2966984165047678,A,1.288666138691422,1.0294093830342603,1,1,1-1,0.13061742921993125,NA,median_complete_bookmakers,5,0.3079620213339724,0.3012556745086418,0.39078230415738574,0.4196486702514492,0.2894071451319074,0.29094418461664334,-45.335123653014534,2.4482576117939217,2.9437427827236145e-4
poisson_hybrid_odds_ratings,2026,WC2026_029,2026-06-25,Group E,Group E,Curaçao,Ivory Coast,NA,NA,scheduled,NA,0.07960336107119022,0.16191342441751894,0.7584832145112907,B,0.5927784325961701,2.2908556337628863,0,2,0-2,0.1467638461210915,NA,median_complete_bookmakers,5,0.10468556242892334,0.19085395833183513,0.7044604792392415,0.08072892260365093,0.1606949927275684,0.7585760846687807,-229.06993385327928,2.87234113709215,3.532967837345344e-6
poisson_hybrid_odds_ratings,2026,WC2026_030,2026-06-25,Group E,Group E,Ecuador,Germany,NA,NA,scheduled,NA,0.222176506869427,0.2561134837774174,0.5217100093531557,B,0.9113321559335574,1.5462704117124613,0,1,0-1,0.1324226308488327,NA,median_complete_bookmakers,5,0.28749595831844404,0.2902449103548936,0.4222591313266623,0.22072834514970677,0.2582767436804941,0.5209949111697991,-61.44057998866924,2.482782010043121,1.2430858371933333e-5
poisson_hybrid_odds_ratings,2026,WC2026_035,2026-06-25,Group F,Group F,Japan,Sweden,NA,NA,scheduled,NA,0.4922548706157681,0.258187430185356,0.24955769919887585,A,1.516792318250018,1.000165436861238,1,1,1-1,0.12243260742241958,NA,median_complete_bookmakers,5,0.6323458007409267,0.2332975533829222,0.134356645876151,0.4876134253466607,0.27089236787444376,0.24149420677889555,151.4852595729708,2.684972084513581,4.437650272308409e-4
poisson_hybrid_odds_ratings,2026,WC2026_036,2026-06-25,Group F,Group F,Tunisia,Netherlands,NA,NA,scheduled,NA,0.14795856399194596,0.21156351163317766,0.6404779243748764,B,0.802885023830456,1.9364323850523313,0,1,0-1,0.12512148851228952,NA,median_complete_bookmakers,5,0.12952976790788012,0.20651287663662643,0.6639573554554934,0.1438361470794938,0.21682658425445875,0.6393372686660476,-199.0956715399409,2.7984505185049637,6.832059207264509e-5
poisson_hybrid_odds_ratings,2026,WC2026_041,2026-06-26,Group G,Group G,Egypt,Iran,NA,NA,scheduled,NA,0.39811955325271897,0.28679977272955615,0.315080674017725,A,1.203834871896003,1.0373695257583926,1,1,1-1,0.13278765536460643,NA,median_complete_bookmakers,5,0.26734478951392954,0.2797270136759882,0.4529281968100823,0.38953617134547447,0.3057553647275961,0.3047084639269294,-77.16583987299032,2.5169610959494597,0.0011407345473852658
poisson_hybrid_odds_ratings,2026,WC2026_042,2026-06-26,Group G,Group G,New Zealand,Belgium,NA,NA,scheduled,NA,0.09604070262186763,0.17312401949723236,0.7308352778809001,B,0.6677833123775829,2.2327254215335763,0,2,0-2,0.13707735030069415,NA,median_complete_bookmakers,5,0.09544328753399023,0.18455666301067175,0.720000049455338,0.09573119193606157,0.17347439394882205,0.7307944141151164,-241.6524318511349,2.9039371537707965,2.899210732900608e-7
poisson_hybrid_odds_ratings,2026,WC2026_047,2026-06-26,Group H,Group H,Cape Verde,Saudi Arabia,NA,NA,scheduled,NA,0.36176036377124926,0.2742121181726748,0.36402751805607597,B,1.2155565308041736,1.22025998395846,1,1,1-1,0.12982725041914858,NA,median_complete_bookmakers,5,0.301990278413512,0.29799932071925195,0.400010400867236,0.36082286451872625,0.27608244698157347,0.3630946884997004,-50.06221005106113,2.458340736171068,9.444654646829499e-6
poisson_hybrid_odds_ratings,2026,WC2026_048,2026-06-26,Group H,Group H,Uruguay,Spain,NA,NA,scheduled,NA,0.1813487001122357,0.2306814295892226,0.5879698702985416,B,0.8726480489165022,1.7784588547981013,0,1,0-1,0.12551126966010637,NA,median_complete_bookmakers,5,0.16351662194667557,0.22591374460856647,0.6105696334447579,0.17737732735861106,0.23612305740908257,0.5864996152323064,-164.20223600092208,2.7148244344313146,7.508732962044543e-5
poisson_hybrid_odds_ratings,2026,WC2026_053,2026-06-26,Group I,Group I,Norway,France,NA,NA,scheduled,NA,0.21638697528971862,0.24409492705052457,0.5395180976597568,B,0.9539298062591604,1.6598732941923644,0,1,0-1,0.12159470804108433,NA,median_complete_bookmakers,5,0.1528931937906234,0.22003589687652128,0.6270709093328554,0.20961899621574834,0.2540545261132985,0.5363264776709532,-174.53738883730512,2.739329907553752,2.601771287042777e-4
poisson_hybrid_odds_ratings,2026,WC2026_054,2026-06-26,Group I,Group I,Senegal,Iraq,NA,NA,scheduled,NA,0.6500193948071284,0.21681970987888644,0.13316089531398514,A,1.8491894208793698,0.6926209958161164,1,0,1-0,0.14557512181161245,NA,median_complete_bookmakers,5,0.5554980851682679,0.26247311541998963,0.18202879941174246,0.6494173740429994,0.2199712585980166,0.13061136735898402,103.77134960445436,2.5758634456147362,2.553325971702059e-5
poisson_hybrid_odds_ratings,2026,WC2026_059,2026-06-27,Group J,Group J,Algeria,Austria,NA,NA,scheduled,NA,0.2977201191975634,0.2908504699226804,0.4114294108797562,B,0.9747930568004713,1.2001235813000106,0,1,0-1,0.13635519060216966,NA,median_complete_bookmakers,5,0.38228102618619847,0.32579206452725307,0.29192690928654846,0.2893955023618403,0.3055737483687094,0.40503074926945026,10.593439563787795,2.3754097374494783,6.832153080205323e-4
poisson_hybrid_odds_ratings,2026,WC2026_060,2026-06-27,Group J,Group J,Jordan,Argentina,NA,NA,scheduled,NA,0.06453299334415329,0.13706070058392317,0.7984063060719235,B,0.5895109496172821,2.553544325659172,0,2,0-2,0.14068417361843275,NA,median_complete_bookmakers,5,0.04433578617581713,0.14091976683827845,0.8147444469859044,0.06242012609678462,0.1392567776732404,0.798323096229975,-339.71095680836925,3.1623829077563106,1.1161549029463642e-5
poisson_hybrid_odds_ratings,2026,WC2026_065,2026-06-27,Group K,Group K,Colombia,Portugal,NA,NA,scheduled,NA,0.29079340091842804,0.28292269247339136,0.4262839066081806,B,0.9951868366673352,1.268542233200239,0,1,0-1,0.13188028805601074,NA,median_complete_bookmakers,5,0.3420762208407,0.3208433710914362,0.33708040806786377,0.285129099882287,0.2927392150474939,0.42213168507021903,-17.48396097765999,2.389683678343966,2.845941783930719e-4
poisson_hybrid_odds_ratings,2026,WC2026_066,2026-06-27,Group K,Group K,DR Congo,Uzbekistan,NA,NA,scheduled,NA,0.38186641584333664,0.2772964716838507,0.3408371124728126,A,1.234999575427718,1.1506123077485526,1,1,1-1,0.1307789200452347,NA,median_complete_bookmakers,5,0.2569213106829666,0.27436691515657247,0.468711774160461,0.3764969208830087,0.28854810650530055,0.33495497261169066,-85.31830816971978,2.534865398738048,3.6337454028249384e-4
poisson_hybrid_odds_ratings,2026,WC2026_071,2026-06-27,Group L,Group L,Panama,England,NA,NA,scheduled,NA,0.10433252181750184,0.1814752463549315,0.7141922318275666,B,0.6849067883191147,2.1622382898603107,0,2,0-2,0.13560562828659303,NA,median_complete_bookmakers,5,0.12382539304288481,0.2030543866681241,0.6731202202889912,0.10725702275465646,0.17809745091042395,0.7146455263349196,-205.5653664421818,2.814236630448444,2.7004652159924487e-5
poisson_hybrid_odds_ratings,2026,WC2026_072,2026-06-27,Group L,Group L,Croatia,Ghana,NA,NA,scheduled,NA,0.6212603442487544,0.21738716979093078,0.16135248596031485,A,1.896167580771463,0.8450893371177421,1,0,1-0,0.12228240288431697,NA,median_complete_bookmakers,5,0.7687469174730535,0.17314986475195218,0.05810321777499436,0.6171023742275509,0.2347984649470206,0.14809916082542857,265.3191363870194,2.9643115307759604,7.791957131171043e-4
