team,team_key,external_overall_primary_source,external_overall_primary_40_99,external_overall_consensus_40_99,fifa_rank,fifa_points,fifa_overall_40_99,reference_date_fifa,elo_external_rank,elo_external_rating,elo_external_overall_40_99,reference_date_world_football_elo
Argentina,argentina,fifa,99,98.87809917355372,1,1877.27,99,2026-06-11,2,2115,98.75619834710744,2026-06-15
Spain,spain,fifa,98.71904761904761,98.85952380952381,2,1874.71,98.71904761904761,2026-06-11,1,2157,99,2026-06-15
France,france,fifa,98.43809523809524,98.47524596615506,3,1870.7,98.43809523809524,2026-06-11,3,2063,98.51239669421489,2026-06-15
England,england,fifa,98.15714285714286,98.21286894923259,4,1828.02,98.15714285714286,2026-06-11,4,2024,98.26859504132231,2026-06-15
Portugal,portugal,fifa,97.87619047619047,97.95049193231011,5,1767.85,97.87619047619047,2026-06-11,5,1989,98.02479338842976,2026-06-15
Brazil,brazil,fifa,97.5952380952381,97.56621408894136,6,1765.86,97.5952380952381,2026-06-11,7,1978,97.53719008264463,2026-06-15
Morocco,morocco,fifa,97.31428571428572,95.59722550177096,7,1755.1,97.31428571428572,2026-06-11,22,1840,93.8801652892562,2026-06-15
Netherlands,netherlands,fifa,97.03333333333333,97.1633608815427,8,1753.57,97.03333333333333,2026-06-11,8,1944,97.29338842975207,2026-06-15
Belgium,belgium,fifa,96.75238095238095,96.4133805588351,9,1742.24,96.75238095238095,2026-06-11,13,1894,96.07438016528926,2026-06-15
Germany,germany,fifa,96.47142857142858,96.76050767414404,10,1735.77,96.47142857142858,2026-06-11,9,1939,97.04958677685951,2026-06-15
Croatia,croatia,fifa,96.19047619047619,96.37622983077529,11,1714.87,96.19047619047619,2026-06-11,11,1912,96.56198347107438,2026-06-15
Italy,italy,fifa,95.9095238095238,95.38244785517512,12,1704.73,95.9095238095238,2026-06-11,17,1869,94.85537190082644,2026-06-15
Colombia,colombia,fifa,95.62857142857143,96.70478158205431,13,1698.35,95.62857142857143,2026-06-11,6,1982,97.78099173553719,2026-06-15
Mexico,mexico,fifa,95.34761904761905,95.34529712711532,14,1687.48,95.34761904761905,2026-06-11,16,1881,95.34297520661157,2026-06-15
Senegal,senegal,fifa,95.06666666666666,94.717217630854,15,1684.07,95.06666666666666,2026-06-11,20,1860,94.36776859504133,2026-06-15
Uruguay,uruguay,fifa,94.78571428571428,95.30814639905549,16,1673.07,94.78571428571428,2026-06-11,14,1892,95.8305785123967,2026-06-15
USA,usa,fifa,94.5047619047619,93.33915781188509,17,1671.23,94.5047619047619,2026-06-11,27,1780,92.17355371900827,2026-06-15
Japan,japan,fifa,94.22380952380952,95.27099567099566,18,1661.58,94.22380952380952,2026-06-11,12,1910,96.31818181818181,2026-06-15
Switzerland,switzerland,fifa,93.94285714285715,94.27721369539552,19,1650.06,93.94285714285715,2026-06-11,19,1865,94.61157024793388,2026-06-15
IR Iran,iran,fifa,93.66190476190476,92.55202676111767,20,1619.58,93.66190476190476,2026-06-11,30,1772,91.44214876033058,2026-06-15
Denmark,denmark,fifa,93.38095238095238,94.11816214088941,21,1619.47,93.38095238095238,2026-06-11,17,1869,94.85537190082644,2026-06-15
Türkiye,turkey,fifa,93.1,93.61198347107438,22,1605.73,93.1,2026-06-11,21,1849,94.12396694214877,2026-06-15
Ecuador,ecuador,fifa,92.81904761904762,94.20291223927588,23,1598.52,92.81904761904762,2026-06-11,15,1890,95.58677685950413,2026-06-15
Austria,austria,fifa,92.53809523809524,92.96532861078316,24,1597.4,92.53809523809524,2026-06-11,24,1830,93.39256198347107,2026-06-15
Korea Republic,south korea,fifa,92.25714285714285,92.58105076741441,25,1591.63,92.25714285714285,2026-06-11,26,1786,92.90495867768595,2026-06-15
Nigeria,nigeria,fifa,91.97619047619048,91.46536796536796,26,1585.02,91.97619047619048,2026-06-11,33,1767,90.95454545454545,2026-06-15
Australia,australia,fifa,91.6952380952381,92.66580086580086,27,1579.34,91.6952380952381,2026-06-11,23,1839,93.63636363636363,2026-06-15
Algeria,algeria,fifa,91.41428571428571,91.42821723730815,28,1571.03,91.41428571428571,2026-06-11,30,1772,91.44214876033058,2026-06-15
Egypt,egypt,fifa,91.13333333333333,89.21542699724517,29,1562.37,91.13333333333333,2026-06-11,49,1696,87.29752066115702,2026-06-15
Canada,canada,fifa,90.85238095238095,90.9034632034632,30,1559.48,90.85238095238095,2026-06-11,33,1767,90.95454545454545,2026-06-15
Norway,norway,fifa,90.57142857142857,93.68860684769776,31,1557.44,90.57142857142857,2026-06-11,10,1914,96.80578512396694,2026-06-15
Ukraine,ukraine,fifa,90.2904761904762,91.23201495474223,32,1549.29,90.2904761904762,2026-06-11,27,1780,92.17355371900827,2026-06-15
Côte d'Ivoire,ivory coast,fifa,90.00952380952381,90.11633215269579,33,1540.87,90.00952380952381,2026-06-11,37,1743,90.22314049586777,2026-06-15
Panama,panama,fifa,89.72857142857143,89.61015348288075,34,1539.16,89.72857142857143,2026-06-11,40,1730,89.49173553719008,2026-06-15
Russia,russia,fifa,89.44761904761904,90.44488390397481,35,1529.6,89.44761904761904,2026-06-11,30,1772,91.44214876033058,2026-06-15
Poland,poland,fifa,89.16666666666667,88.59779614325069,36,1526.18,89.16666666666667,2026-06-11,45,1710,88.02892561983471,2026-06-15
Wales,wales,fifa,88.88571428571429,87.8478158205431,37,1516.95,88.88571428571429,2026-06-11,50,1682,86.80991735537191,2026-06-15
Sweden,sweden,fifa,88.6047619047619,89.6577528532074,38,1509.79,88.6047619047619,2026-06-11,35,1755,90.7107438016529,2026-06-15
Hungary,hungary,fifa,88.32380952380953,88.17636757182211,39,1506.39,88.32380952380953,2026-06-11,45,1710,88.02892561983471,2026-06-15
Czechia,czech republic,fifa,88.04285714285714,88.27969303423849,40,1505.74,88.04285714285714,2026-06-11,44,1712,88.51652892561984,2026-06-15
Paraguay,paraguay,fifa,87.76190476190476,89.96772924045652,41,1505.35,87.76190476190476,2026-06-11,27,1780,92.17355371900827,2026-06-15
Scotland,scotland,fifa,87.48095238095237,90.31485635576544,42,1503.34,87.48095238095237,2026-06-11,25,1794,93.14876033057851,2026-06-15
Serbia,serbia,fifa,87.2,88.5896694214876,43,1502.13,87.2,2026-06-11,38,1734,89.97933884297521,2026-06-15
Cameroon,cameroon,fifa,86.91904761904762,85.64547422274694,44,1481.24,86.91904761904762,2026-06-11,61,1614,84.37190082644628,2026-06-15
Tunisia,tunisia,fifa,86.63809523809525,84.77359307359308,45,1476.41,86.63809523809525,2026-06-11,67,1585,82.9090909090909,2026-06-15
Congo DR,dr congo,fifa,86.35714285714286,86.09592680047226,46,1474.43,86.35714285714286,2026-06-11,55,1652,85.83471074380165,2026-06-15
Slovakia,slovakia,fifa,86.07619047619048,86.19925226288862,47,1473.66,86.07619047619048,2026-06-11,53,1667,86.32231404958678,2026-06-15
Greece,greece,fifa,85.79523809523809,88.13109012199921,48,1473.19,85.79523809523809,2026-06-11,36,1744,90.46694214876032,2026-06-15
Venezuela,venezuela,fifa,85.51428571428572,87.6249114521842,49,1469.18,85.51428571428572,2026-06-11,39,1733,89.73553719008265,2026-06-15
Uzbekistan,uzbekistan,fifa,85.23333333333333,86.99683195592286,50,1458.73,85.23333333333333,2026-06-11,43,1714,88.7603305785124,2026-06-15
Chile,chile,fifa,84.95238095238095,87.10015741833924,51,1458.2,84.95238095238095,2026-06-11,41,1717,89.24793388429752,2026-06-15
Peru,peru,fifa,84.67142857142858,86.22827626918536,52,1457.69,84.67142857142858,2026-06-11,47,1700,87.78512396694214,2026-06-15
Costa Rica,costa rica,fifa,84.39047619047619,84.25928768201496,53,1456.03,84.39047619047619,2026-06-11,62,1608,84.12809917355372,2026-06-15
Romania,romania,fifa,84.10952380952381,84.72831562377017,54,1455.89,84.10952380952381,2026-06-11,57,1639,85.34710743801654,2026-06-15
Mali,mali,fifa,83.82857142857142,83.49073199527744,55,1455.59,83.82857142857142,2026-06-11,66,1588,83.15289256198346,2026-06-15
Qatar,qatar,fifa,83.54761904761905,80.42463597009052,56,1450.31,83.54761904761905,2026-06-11,90,1447,77.30165289256198,2026-06-15
Iraq,iraq,fifa,83.26666666666667,83.57548209366391,57,1446.28,83.26666666666667,2026-06-11,63,1607,83.88429752066116,2026-06-15
Republic of Ireland,republic of ireland,fifa,82.98571428571428,82.98571428571428,58,1441.1,82.98571428571428,2026-06-11,NA,NA,NA,NA
Slovenia,slovenia,fifa,82.70476190476191,84.75733963006691,59,1441.09,82.70476190476191,2026-06-11,50,1682,86.80991735537191,2026-06-15
South Africa,south africa,fifa,82.42380952380952,81.08173947264856,60,1428.38,82.42380952380952,2026-06-11,80,1511,79.7396694214876,2026-06-15
Saudi Arabia,saudi arabia,fifa,82.14285714285714,82.28217237308147,61,1423.88,82.14285714285714,2026-06-11,69,1576,82.42148760330579,2026-06-15
Burkina Faso,burkina faso,fifa,81.86190476190475,81.16648957103502,62,1406.99,81.86190476190475,2026-06-11,77,1529,80.47107438016529,2026-06-15
Jordan,jordan,fifa,81.58095238095238,84.07353404171587,63,1387.74,81.58095238095238,2026-06-11,52,1680,86.56611570247935,2026-06-15
Bosnia and Herzegovina,bosnia and herzegovina,fifa,81.3,82.95785123966942,64,1387.22,81.3,2026-06-11,59,1616,84.61570247933884,2026-06-15
Honduras,honduras,fifa,81.01904761904763,81.59836678473042,65,1378.97,81.01904761904763,2026-06-11,70,1570,82.17768595041322,2026-06-15
Albania,albania,fifa,80.73809523809524,82.67689885871704,66,1376.03,80.73809523809524,2026-06-11,59,1616,84.61570247933884,2026-06-15
Cabo Verde,cape verde,fifa,80.45714285714286,81.5612160566706,67,1371.11,80.45714285714286,2026-06-11,68,1578,82.66528925619835,2026-06-15
United Arab Emirates,united arab emirates,fifa,80.17619047619047,80.68933490751672,68,1370.47,80.17619047619047,2026-06-11,74,1540,81.20247933884298,2026-06-15
North Macedonia,north macedonia,fifa,79.8952380952381,81.64596615505707,69,1369.16,79.8952380952381,2026-06-11,65,1589,83.39669421487604,2026-06-15
Northern Ireland,northern ireland,fifa,79.61428571428571,81.62739079102715,70,1365.3,79.61428571428571,2026-06-11,64,1605,83.64049586776859,2026-06-15
Jamaica,jamaica,fifa,79.33333333333333,79.78030303030303,71,1357.84,79.33333333333333,2026-06-11,78,1527,80.22727272727272,2026-06-15
Georgia,georgia,fifa,79.05238095238096,82.56544667453758,72,1355.26,79.05238095238096,2026-06-11,54,1654,86.07851239669421,2026-06-15
Ghana,ghana,fifa,78.77142857142857,79.13364817001181,73,1346.88,78.77142857142857,2026-06-11,81,1510,79.49586776859505,2026-06-15
Iceland,iceland,fifa,78.49047619047619,80.21218024399842,74,1342.77,78.49047619047619,2026-06-11,71,1568,81.93388429752065,2026-06-15
Finland,finland,fifa,78.2095238095238,79.46219992129083,75,1341.92,78.2095238095238,2026-06-11,75,1536,80.71487603305786,2026-06-15
Israel,israel,fifa,77.92857142857143,81.75974025974025,76,1333.9,77.92857142857143,2026-06-11,56,1647,85.5909090909091,2026-06-15
Bolivia,bolivia,fifa,77.64761904761905,81.3754624163715,77,1326,77.64761904761905,2026-06-11,58,1621,85.10330578512396,2026-06-15
Kosovo,kosovo,fifa,77.36666666666667,83.18539944903581,78,1319.12,77.36666666666667,2026-06-11,42,1715,89.00413223140495,2026-06-15
Oman,oman,fifa,77.08571428571429,78.0469893742621,79,1306.9,77.08571428571429,2026-06-11,83,1480,79.00826446280992,2026-06-15
Montenegro,montenegro,fifa,76.8047619047619,77.41890987800079,80,1301.98,76.8047619047619,2026-06-11,87,1461,78.03305785123968,2026-06-15
Guinea,guinea,fifa,76.52380952380952,77.40033451397088,81,1295.6,76.52380952380952,2026-06-11,86,1463,78.27685950413223,2026-06-15
Curaçao,curacao,fifa,76.24285714285715,76.28465171192444,82,1294.77,76.24285714285715,2026-06-11,94,1427,76.32644628099173,2026-06-15
Haiti,haiti,fifa,75.96190476190476,78.3383903974813,83,1293.1,75.96190476190476,2026-06-11,75,1536,80.71487603305786,2026-06-15
Syria,syria,fifa,75.68095238095238,77.22270759543485,84,1283.05,75.68095238095238,2026-06-11,84,1479,78.76446280991735,2026-06-15
New Zealand,new zealand,fifa,75.4,78.54504132231405,85,1275.58,75.4,2026-06-11,72,1562,81.69008264462809,2026-06-15
Gabon,gabon,fifa,75.11904761904762,74.8694411648957,86,1272.51,75.11904761904762,2026-06-11,101,1401,74.6198347107438,2026-06-15
Bulgaria,bulgaria,fifa,74.83809523809524,76.31367571822116,87,1271.68,74.83809523809524,2026-06-11,88,1458,77.7892561983471,2026-06-15
Angola,angola,fifa,74.55714285714285,78.00171192443919,88,1265.58,74.55714285714285,2026-06-11,73,1542,81.44628099173553,2026-06-15
Uganda,uganda,fifa,74.27619047619048,74.32611176702085,89,1264.09,74.27619047619048,2026-06-11,102,1394,74.37603305785123,2026-06-15
Zambia,zambia,fifa,73.9952380952381,72.600924832743,90,1255.82,73.9952380952381,2026-06-11,115,1371,71.20661157024793,2026-06-15
China PR,china pr,fifa,73.71428571428572,73.71428571428572,91,1254.81,73.71428571428572,2026-06-11,NA,NA,NA,NA
Bahrain,bahrain,fifa,73.43333333333334,74.27038567493113,92,1254.41,73.43333333333334,2026-06-11,99,1414,75.10743801652893,2026-06-15
Benin,benin,fifa,73.15238095238095,74.00800865800866,93,1252.17,73.15238095238095,2026-06-11,100,1405,74.86363636363637,2026-06-15
Thailand,thailand,fifa,72.87142857142857,72.77042502951593,94,1250.8,72.87142857142857,2026-06-11,109,1376,72.6694214876033,2026-06-15
Palestine,palestine,fifa,72.5904761904762,75.55556867375049,95,1243.71,72.5904761904762,2026-06-11,85,1465,78.52066115702479,2026-06-15
Belarus,belarus,fifa,72.30952380952381,76.146497441952,96,1242.88,72.30952380952381,2026-06-11,79,1522,79.98347107438016,2026-06-15
Guatemala,guatemala,fifa,72.02857142857142,75.64031877213695,97,1238.74,72.02857142857142,2026-06-11,82,1504,79.25206611570248,2026-06-15
Luxembourg,luxembourg,fifa,71.74761904761905,74.6465367965368,98,1232.82,71.74761904761905,2026-06-11,89,1450,77.54545454545455,2026-06-15
Vietnam,vietnam,fifa,71.46666666666667,70.97093663911846,99,1225.68,71.46666666666667,2026-06-11,118,1351,70.47520661157024,2026-06-15
El Salvador,el salvador,fifa,71.18571428571428,70.34285714285714,100,1225.34,71.18571428571428,2026-06-11,121,1342,69.5,2026-06-15
Tajikistan,tajikistan,fifa,70.9047619047619,67.64246359700905,101,1224.19,70.9047619047619,2026-06-11,143,1285,64.3801652892562,2026-06-15
Trinidad and Tobago,trinidad and tobago,fifa,70.62380952380953,72.25611963793781,102,1219.59,70.62380952380953,2026-06-11,103,1386,73.88842975206612,2026-06-15
Mozambique,mozambique,fifa,70.34285714285714,69.92142857142858,103,1218.62,70.34285714285714,2026-06-11,121,1342,69.5,2026-06-15
Madagascar,madagascar,fifa,70.06190476190476,71.6094647776466,104,1202.69,70.06190476190476,2026-06-11,106,1380,73.15702479338843,2026-06-15
Equatorial Guinea,equatorial guinea,fifa,69.78095238095239,71.4689885871704,105,1195.2,69.78095238095239,2026-06-11,106,1380,73.15702479338843,2026-06-15
Kyrgyz Republic,kyrgyz republic,fifa,69.5,69.5,106,1192.16,69.5,2026-06-11,NA,NA,NA,NA
Armenia,armenia,fifa,69.21904761904761,70.57853207398662,107,1189.63,69.21904761904761,2026-06-11,112,1373,71.93801652892562,2026-06-15
Comoros,comoros,fifa,68.93809523809523,70.55995670995671,108,1187.91,68.93809523809523,2026-06-11,111,1374,72.18181818181819,2026-06-15
Kenya,kenya,fifa,68.65714285714286,69.80997638724912,109,1185.08,68.65714285714286,2026-06-11,116,1363,70.96280991735537,2026-06-15
Libya,libya,fifa,68.37619047619047,71.98561589925225,110,1182.08,68.37619047619047,2026-06-11,97,1420,75.59504132231405,2026-06-15
Kazakhstan,kazakhstan,fifa,68.0952380952381,72.3327430145612,111,1180.78,68.0952380952381,2026-06-11,93,1428,76.5702479338843,2026-06-15
Tanzania,tanzania,fifa,67.81428571428572,67.43813459268006,112,1180.27,67.81428571428572,2026-06-11,132,1313,67.06198347107438,2026-06-15
Mauritania,mauritania,fifa,67.53333333333333,67.78526170798898,113,1176.68,67.53333333333333,2026-06-11,128,1329,68.03719008264463,2026-06-15
Niger,niger,fifa,67.25238095238095,70.44850452577725,114,1175.33,67.25238095238095,2026-06-11,105,1382,73.64462809917356,2026-06-15
Lebanon,lebanon,fifa,66.97142857142858,66.1634002361275,115,1172.22,66.97142857142858,2026-06-11,139,1288,65.35537190082644,2026-06-15
The Gambia,the gambia,fifa,66.69047619047619,66.69047619047619,116,1159.64,66.69047619047619,2026-06-11,NA,NA,NA,NA
Sudan,sudan,fifa,66.40952380952382,68.32046438410075,117,1157.22,66.40952380952382,2026-06-11,119,1350,70.23140495867769,2026-06-15
Indonesia,indonesia,fifa,66.12857142857143,68.78949232585597,118,1157.14,66.12857142857143,2026-06-11,113,1372,71.4504132231405,2026-06-15
Togo,togo,fifa,65.84761904761905,69.38042109405745,119,1152.76,65.84761904761905,2026-06-11,108,1379,72.91322314049587,2026-06-15
DPR Korea,dpr korea,fifa,65.56666666666666,65.56666666666666,120,1151.05,65.56666666666666,2026-06-11,NA,NA,NA,NA
Namibia,namibia,fifa,65.28571428571428,65.28571428571428,121,1148.84,65.28571428571428,2026-06-11,NA,NA,NA,NA
Sierra Leone,sierra leone,fifa,65.0047619047619,67.13048012593467,122,1147.56,65.0047619047619,2026-06-11,123,1341,69.25619834710744,2026-06-15
Faroe Islands,faroe islands,fifa,64.72380952380952,69.30611963793783,123,1136.59,64.72380952380952,2026-06-11,103,1386,73.88842975206612,2026-06-15
Cyprus,cyprus,fifa,64.44285714285715,65.87432113341205,124,1133.25,64.44285714285715,2026-06-11,131,1314,67.30578512396694,2026-06-15
Suriname,suriname,fifa,64.16190476190476,70.48797717434081,125,1132.43,64.16190476190476,2026-06-11,92,1431,76.81404958677686,2026-06-15
Azerbaijan,azerbaijan,fifa,63.88095238095238,65.83717040535223,126,1132,63.88095238095238,2026-06-11,129,1322,67.79338842975207,2026-06-15
Estonia,estonia,fifa,63.6,67.1595041322314,127,1130.64,63.6,2026-06-11,117,1360,70.71900826446281,2026-06-15
Rwanda,rwanda,fifa,63.31904761904762,66.04382133018497,128,1126.62,63.31904761904762,2026-06-11,125,1336,68.76859504132231,2026-06-15
Malawi,malawi,fifa,63.03809523809524,62.733923652105474,129,1122.05,63.03809523809524,2026-06-11,151,1239,62.429752066115704,2026-06-15
Zimbabwe,zimbabwe,fifa,62.75714285714286,67.10377804014168,130,1119.78,62.75714285714286,2026-06-11,113,1372,71.4504132231405,2026-06-15
Nicaragua,nicaragua,fifa,62.476190476190474,65.50049193231011,131,1114.63,62.476190476190474,2026-06-11,126,1333,68.52479338842976,2026-06-15
Guinea-Bissau,guinea bissau,fifa,62.195238095238096,62.55629673356946,132,1108.38,62.195238095238096,2026-06-11,150,1248,62.917355371900825,2026-06-15
Kuwait,kuwait,fifa,61.91428571428571,65.09763872491145,133,1106.47,61.91428571428571,2026-06-11,127,1332,68.28099173553719,2026-06-15
Congo,congo,fifa,61.63333333333333,61.42203856749312,134,1105.96,61.63333333333333,2026-06-11,157,1207,61.210743801652896,2026-06-15
Philippines,philippines,fifa,61.352380952380955,60.7939590712318,135,1100.95,61.352380952380955,2026-06-11,161,1179,60.235537190082646,2026-06-15
Malaysia,malaysia,fifa,61.07142857142857,63.579102715466355,136,1086.22,61.07142857142857,2026-06-11,137,1293,66.08677685950414,2026-06-15
Latvia,latvia,fifa,60.79047619047619,63.07292404565132,137,1085.66,60.79047619047619,2026-06-11,139,1288,65.35537190082644,2026-06-15
India,india,fifa,60.50952380952381,59.51922471467926,138,1084.93,60.50952380952381,2026-06-11,168,1128,58.52892561983471,2026-06-15
Central African Republic,central african republic,fifa,60.22857142857143,61.207260920897284,139,1080.82,60.22857142857143,2026-06-11,153,1236,62.18595041322314,2026-06-15
Liberia,liberia,fifa,59.94761904761905,63.26099960645415,140,1080.44,59.94761904761905,2026-06-11,134,1304,66.57438016528926,2026-06-15
Turkmenistan,turkmenistan,fifa,59.666666666666664,60.56060606060606,141,1078.65,59.666666666666664,2026-06-11,156,1209,61.45454545454545,2026-06-15
Burundi,burundi,fifa,59.385714285714286,61.88293978748524,142,1078.01,59.385714285714286,2026-06-11,143,1285,64.3801652892562,2026-06-15
Ethiopia,ethiopia,fifa,59.1047619047619,62.10816607634789,143,1077.52,59.1047619047619,2026-06-11,141,1287,65.11157024793388,2026-06-15
Dominican Republic,dominican republic,fifa,58.82380952380952,61.48008658008658,144,1076.5,58.82380952380952,2026-06-11,145,1283,64.13636363636364,2026-06-15
Yemen,yemen,fifa,58.542857142857144,59.51109799291618,145,1065.24,58.542857142857144,2026-06-11,160,1195,60.47933884297521,2026-06-15
Lesotho,lesotho,fifa,58.26190476190476,59.49252262888626,146,1064.29,58.26190476190476,2026-06-11,159,1198,60.72314049586777,2026-06-15
Botswana,botswana,fifa,57.98095238095238,60.692955529319164,147,1063.63,57.98095238095238,2026-06-11,148,1267,63.404958677685954,2026-06-15
Singapore,singapore,fifa,57.7,58.236363636363635,148,1057.95,57.7,2026-06-11,167,1134,58.77272727272727,2026-06-15
Lithuania,lithuania,fifa,57.41904761904762,60.65580480125934,149,1056.85,57.41904761904762,2026-06-11,146,1279,63.89256198347107,2026-06-15
Guyana,guyana,fifa,57.13809523809524,61.4905352223534,150,1049.32,57.13809523809524,2026-06-11,138,1292,65.84297520661157,2026-06-15
New Caledonia,new caledonia,fifa,56.85714285714286,60.862455726092094,151,1036.95,56.85714285714286,2026-06-11,142,1286,64.86776859504133,2026-06-15
St Kitts and Nevis,st kitts and nevis,fifa,56.576190476190476,56.576190476190476,152,1036.33,56.576190476190476,2026-06-11,NA,NA,NA,NA
Solomon Islands,solomon islands,fifa,56.2952380952381,56.07117276662731,153,1031.89,56.2952380952381,2026-06-11,179,1054,55.84710743801653,2026-06-15
Puerto Rico,puerto rico,fifa,56.01428571428571,57.51540731995277,154,1024.3,56.01428571428571,2026-06-11,165,1135,59.01652892561984,2026-06-15
Fiji,fiji,fifa,55.733333333333334,56.6435261707989,155,1024.17,55.733333333333334,2026-06-11,172,1104,57.553719008264466,2026-06-15
"Hong Kong, China",hong kong china,fifa,55.45238095238095,55.45238095238095,156,1024.16,55.45238095238095,2026-06-11,NA,NA,NA,NA
Tahiti,tahiti,fifa,55.17142857142857,57.58158205430932,157,1019.04,55.17142857142857,2026-06-11,162,1177,59.99173553719008,2026-06-15
Myanmar,myanmar,fifa,54.89047619047619,54.393585202676114,158,1010.91,54.89047619047619,2026-06-11,187,984,53.896694214876035,2026-06-15
Moldova,moldova,fifa,54.60952380952381,59.12914207005116,159,1008.24,54.60952380952381,2026-06-11,147,1270,63.64876033057851,2026-06-15
Vanuatu,vanuatu,fifa,54.32857142857143,56.306847697756794,160,1002.53,54.32857142857143,2026-06-11,169,1118,58.28512396694215,2026-06-15
Malta,malta,fifa,54.04761904761905,58.60438803620622,161,992.79,54.04761904761905,2026-06-11,149,1255,63.16115702479339,2026-06-15
Antigua and Barbuda,antigua and barbuda,fifa,53.766666666666666,52.125068870523414,162,986.58,53.766666666666666,2026-06-11,200,895,50.48347107438016,2026-06-15
Grenada,grenada,fifa,53.48571428571429,55.27591499409681,163,981.82,53.48571428571429,2026-06-11,174,1098,57.06611570247934,2026-06-15
Cuba,cuba,fifa,53.20476190476191,57.8172569854388,164,981.42,53.20476190476191,2026-06-11,151,1239,62.429752066115704,2026-06-15
Eswatini,eswatini,fifa,52.923809523809524,56.335871704053524,165,979.01,52.923809523809524,2026-06-11,163,1148,59.747933884297524,2026-06-15
St Lucia,st lucia,fifa,52.64285714285714,52.64285714285714,166,976.71,52.64285714285714,2026-06-11,NA,NA,NA,NA
Bermuda,bermuda,fifa,52.36190476190476,55.201613537977174,167,975.05,52.36190476190476,2026-06-11,170,1117,58.04132231404959,2026-06-15
Papua New Guinea,papua new guinea,fifa,52.08095238095238,55.54874065328611,168,974.9,52.08095238095238,2026-06-11,165,1135,59.01652892561984,2026-06-15
South Sudan,south sudan,fifa,51.8,54.79876033057851,169,970.94,51.8,2026-06-11,171,1109,57.79752066115702,2026-06-15
St Vincent and the Grenadines,st vincent and the grenadines,fifa,51.51904761904762,51.51904761904762,170,968.27,51.51904761904762,2026-06-11,NA,NA,NA,NA
Afghanistan,afghanistan,fifa,51.23809523809524,51.95789059425423,171,968.07,51.23809523809524,2026-06-11,192,961,52.67768595041322,2026-06-15
Andorra,andorra,fifa,50.957142857142856,53.88972845336482,172,946.43,50.957142857142856,2026-06-11,175,1080,56.82231404958678,2026-06-15
Maldives,maldives,fifa,50.67619047619048,49.60462416371507,173,943.92,50.67619047619048,2026-06-11,209,801,48.53305785123967,2026-06-15
Chinese Taipei,chinese taipei,fifa,50.3952380952381,50.3952380952381,174,923.78,50.3952380952381,2026-06-11,NA,NA,NA,NA
Cambodia,cambodia,fifa,50.114285714285714,50.055076741440374,175,922.32,50.114285714285714,2026-06-11,203,871,49.99586776859504,2026-06-15
Montserrat,montserrat,fifa,49.83333333333333,51.37741046831955,176,916.75,49.83333333333333,2026-06-11,191,972,52.921487603305785,2026-06-15
Nepal,nepal,fifa,49.55238095238095,49.89602518693428,177,914.54,49.55238095238095,2026-06-11,202,893,50.239669421487605,2026-06-15
Mauritius,mauritius,fifa,49.27142857142857,52.68116883116883,178,911.49,49.27142857142857,2026-06-11,176,1073,56.09090909090909,2026-06-15
Barbados,barbados,fifa,48.99047619047619,49.98077528532074,179,909.89,48.99047619047619,2026-06-11,199,898,50.97107438016529,2026-06-15
Belize,belize,fifa,48.70952380952381,52.40021645021645,180,907,48.70952380952381,2026-06-11,176,1073,56.09090909090909,2026-06-15
Bangladesh,bangladesh,fifa,48.42857142857143,50.30932703659977,181,902.93,48.42857142857143,2026-06-11,194,942,52.1900826446281,2026-06-15
Dominica,dominica,fifa,48.147619047619045,49.92504919323101,182,897.69,48.147619047619045,2026-06-11,196,934,51.70247933884298,2026-06-15
Chad,chad,fifa,47.86666666666667,51.978787878787884,183,896.85,47.86666666666667,2026-06-11,176,1073,56.09090909090909,2026-06-15
Eritrea,eritrea,fifa,47.58571428571429,54.27632821723731,184,887.06,47.58571428571429,2026-06-11,158,1201,60.966942148760324,2026-06-15
Laos,laos,fifa,47.304761904761904,47.06560409287682,185,885.03,47.304761904761904,2026-06-11,215,734,46.82644628099173,2026-06-15
Cook Islands,cook islands,fifa,47.023809523809526,45.09661550570642,186,877.53,47.023809523809526,2026-06-11,231,622,43.16942148760331,2026-06-15
Sri Lanka,sri lanka,fifa,46.74285714285714,48.12556080283353,187,876.86,46.74285714285714,2026-06-11,205,836,49.50826446280992,2026-06-15
Samoa,samoa,fifa,46.46190476190476,46.52227469500197,188,876.41,46.46190476190476,2026-06-11,217,728,46.582644628099175,2026-06-15
Aruba,aruba,fifa,46.180952380952384,49.79502164502165,189,875.61,46.180952380952384,2026-06-11,189,978,53.40909090909091,2026-06-15
Mongolia,mongolia,fifa,45.9,46.119421487603304,190,874.47,45.9,2026-06-11,218,726,46.33884297520661,2026-06-15
American Samoa,american samoa,fifa,45.61904761904762,45.61904761904762,191,871.61,45.61904761904762,2026-06-11,NA,NA,NA,NA
Bhutan,bhutan,fifa,45.338095238095235,44.37565918929555,192,870.81,45.338095238095235,2026-06-11,230,623,43.413223140495866,2026-06-15
Macau,macau,fifa,45.05714285714286,45.05714285714286,193,858.03,45.05714285714286,2026-06-11,NA,NA,NA,NA
Brunei Darussalam,brunei darussalam,fifa,44.77619047619048,44.77619047619048,194,857.73,44.77619047619048,2026-06-11,NA,NA,NA,NA
São Tomé and Príncipe,sao tome and principe,fifa,44.49523809523809,49.92737111373475,195,855.44,44.49523809523809,2026-06-11,181,1035,55.35950413223141,2026-06-15
Djibouti,djibouti,fifa,44.214285714285715,48.08028335301063,196,853.58,44.214285714285715,2026-06-11,195,940,51.946280991735534,2026-06-15
Cayman Islands,cayman islands,fifa,43.93333333333333,46.11129476584021,197,850.06,43.93333333333333,2026-06-11,210,800,48.289256198347104,2026-06-15
Pakistan,pakistan,fifa,43.65238095238095,47.555529319165686,198,840.28,43.65238095238095,2026-06-11,197,909,51.45867768595041,2026-06-15
Somalia,somalia,fifa,43.371428571428574,48.51216056670602,199,839.17,43.371428571428574,2026-06-11,188,979,53.65289256198347,2026-06-15
Tonga,tonga,fifa,43.09047619047619,42.1547422274695,200,835.64,43.09047619047619,2026-06-11,239,520,41.21900826446281,2026-06-15
Timor-Leste,timor leste,fifa,42.80952380952381,42.80952380952381,201,831,42.80952380952381,2026-06-11,NA,NA,NA,NA
Gibraltar,gibraltar,fifa,42.528571428571425,48.70023612750885,202,820.26,42.528571428571425,2026-06-11,183,1011,54.87190082644628,2026-06-15
Guam,guam,fifa,42.24761904761905,44.04942935852027,203,819.54,42.24761904761905,2026-06-11,220,706,45.85123966942149,2026-06-15
Seychelles,seychelles,fifa,41.96666666666667,45.85936639118457,204,804.16,41.96666666666667,2026-06-11,204,853,49.752066115702476,2026-06-15
Turks and Caicos Islands,turks and caicos islands,fifa,41.68571428571428,43.0370720188902,205,803.98,41.68571428571428,2026-06-11,226,657,44.388429752066116,2026-06-15
Liechtenstein,liechtenstein,fifa,41.404761904761905,45.94411648957103,206,797.7,41.404761904761905,2026-06-11,200,895,50.48347107438016,2026-06-15
Bahamas,bahamas,fifa,41.12380952380953,42.999921290830386,207,786.82,41.12380952380953,2026-06-11,224,685,44.87603305785124,2026-06-15
US Virgin Islands,us virgin islands,fifa,40.84285714285714,42.249940968122786,208,779.76,40.84285714285714,2026-06-11,229,628,43.65702479338843,2026-06-15
British Virgin Islands,british virgin islands,fifa,40.56190476190476,44.059878000787094,209,777.41,40.56190476190476,2026-06-11,213,743,47.55785123966942,2026-06-15
Anguilla,anguilla,fifa,40.28095238095238,42.212790240062965,210,760.25,40.28095238095238,2026-06-11,227,646,44.14462809917355,2026-06-15
San Marino,san marino,fifa,40,44.632231404958674,211,721.2,40,2026-06-11,206,825,49.264462809917354,2026-06-15
Ireland,ireland,fifa,NA,87.54132231404958,NA,NA,NA,NA,48,1699,87.54132231404958,2026-06-15
Northern Cyprus,northern cyprus,fifa,NA,77.05785123966942,NA,NA,NA,NA,91,1442,77.05785123966942,2026-06-15
China,china,fifa,NA,75.8388429752066,NA,NA,NA,NA,95,1424,75.8388429752066,2026-06-15
Kurdistan,kurdistan,fifa,NA,75.8388429752066,NA,NA,NA,NA,95,1424,75.8388429752066,2026-06-15
Gambia,gambia,fifa,NA,75.35123966942149,NA,NA,NA,NA,98,1419,75.35123966942149,2026-06-15
North Korea,north korea,fifa,NA,72.42561983471074,NA,NA,NA,NA,110,1375,72.42561983471074,2026-06-15
Reunion,reunion,fifa,NA,69.98760330578511,NA,NA,NA,NA,120,1345,69.98760330578511,2026-06-15
Guadeloupe,guadeloupe,fifa,NA,69.01239669421489,NA,NA,NA,NA,124,1338,69.01239669421489,2026-06-15
Zanzibar,zanzibar,fifa,NA,67.5495867768595,NA,NA,NA,NA,130,1320,67.5495867768595,2026-06-15
Martinique,martinique,fifa,NA,66.81818181818181,NA,NA,NA,NA,133,1312,66.81818181818181,2026-06-15
Kyrgyzstan,kyrgyzstan,fifa,NA,66.3305785123967,NA,NA,NA,NA,136,1295,66.3305785123967,2026-06-15
French Guiana,french guiana,fifa,NA,61.94214876033058,NA,NA,NA,NA,154,1223,61.94214876033058,2026-06-15
Mayotte,mayotte,fifa,NA,61.69834710743802,NA,NA,NA,NA,155,1216,61.69834710743802,2026-06-15
Saint Vincent and the Grenadines,saint vincent and the grenadines,fifa,NA,59.50413223140496,NA,NA,NA,NA,164,1141,59.50413223140496,2026-06-15
Hong Kong,hong kong,fifa,NA,57.3099173553719,NA,NA,NA,NA,173,1101,57.3099173553719,2026-06-15
Saint Martin,saint martin,fifa,NA,55.603305785123965,NA,NA,NA,NA,180,1042,55.603305785123965,2026-06-15
Saint Kitts and Nevis,saint kitts and nevis,fifa,NA,55.11570247933884,NA,NA,NA,NA,182,1029,55.11570247933884,2026-06-15
Somaliland,somaliland,fifa,NA,54.62809917355372,NA,NA,NA,NA,184,1005,54.62809917355372,2026-06-15
Saint Lucia,saint lucia,fifa,NA,54.38429752066116,NA,NA,NA,NA,185,1003,54.38429752066116,2026-06-15
Western Sahara,western sahara,fifa,NA,54.14049586776859,NA,NA,NA,NA,186,996,54.14049586776859,2026-06-15
Sint Maarten,sint maarten,fifa,NA,53.16528925619835,NA,NA,NA,NA,190,975,53.16528925619835,2026-06-15
Greenland,greenland,fifa,NA,52.43388429752066,NA,NA,NA,NA,193,945,52.43388429752066,2026-06-15
Monaco,monaco,fifa,NA,51.21487603305785,NA,NA,NA,NA,198,903,51.21487603305785,2026-06-15
Taiwan,taiwan,fifa,NA,49.02066115702479,NA,NA,NA,NA,207,822,49.02066115702479,2026-06-15
Bonaire,bonaire,fifa,NA,48.77685950413223,NA,NA,NA,NA,208,817,48.77685950413223,2026-06-15
Chagos Islands,chagos islands,fifa,NA,48.04545454545455,NA,NA,NA,NA,211,782,48.04545454545455,2026-06-15
Tuvalu,tuvalu,fifa,NA,47.80165289256198,NA,NA,NA,NA,212,756,47.80165289256198,2026-06-15
Sint Eustatius,sint eustatius,fifa,NA,47.31404958677686,NA,NA,NA,NA,214,737,47.31404958677686,2026-06-15
East Timor,east timor,fifa,NA,46.82644628099173,NA,NA,NA,NA,215,734,46.82644628099173,2026-06-15
Saint Barthelemy,saint barthelemy,fifa,NA,46.095041322314046,NA,NA,NA,NA,219,725,46.095041322314046,2026-06-15
Wallis and Futuna,wallis and futuna,fifa,NA,45.607438016528924,NA,NA,NA,NA,221,699,45.607438016528924,2026-06-15
Vatican,vatican,fifa,NA,45.36363636363637,NA,NA,NA,NA,222,692,45.36363636363637,2026-06-15
Saba,saba,fifa,NA,45.1198347107438,NA,NA,NA,NA,223,691,45.1198347107438,2026-06-15
Saint Pierre and Miquelon,saint pierre and miquelon,fifa,NA,44.63223140495868,NA,NA,NA,NA,225,677,44.63223140495868,2026-06-15
Tibet,tibet,fifa,NA,43.900826446280995,NA,NA,NA,NA,228,629,43.900826446280995,2026-06-15
Macao,macao,fifa,NA,42.925619834710744,NA,NA,NA,NA,232,589,42.925619834710744,2026-06-15
Christmas Island,christmas island,fifa,NA,42.68181818181818,NA,NA,NA,NA,233,578,42.68181818181818,2026-06-15
Brunei,brunei,fifa,NA,42.43801652892562,NA,NA,NA,NA,234,572,42.43801652892562,2026-06-15
Falkland Islands,falkland islands,fifa,NA,42.19421487603306,NA,NA,NA,NA,235,571,42.19421487603306,2026-06-15
FS Micronesia,fs micronesia,fifa,NA,41.950413223140494,NA,NA,NA,NA,236,564,41.950413223140494,2026-06-15
Marshall Islands,marshall islands,fifa,NA,41.70661157024794,NA,NA,NA,NA,237,559,41.70661157024794,2026-06-15
Kiribati,kiribati,fifa,NA,41.46280991735537,NA,NA,NA,NA,238,544,41.46280991735537,2026-06-15
Niue,niue,fifa,NA,40.97520661157025,NA,NA,NA,NA,240,496,40.97520661157025,2026-06-15
Northern Mariana Islands,northern mariana islands,fifa,NA,40.731404958677686,NA,NA,NA,NA,241,432,40.731404958677686,2026-06-15
Cocos Islands,cocos islands,fifa,NA,40.48760330578512,NA,NA,NA,NA,242,422,40.48760330578512,2026-06-15
Palau,palau,fifa,NA,40.243801652892564,NA,NA,NA,NA,243,402,40.243801652892564,2026-06-15
Eastern Samoa,eastern samoa,fifa,NA,40,NA,NA,NA,NA,244,369,40,2026-06-15
